STABR,POPU_LSA,F_POPLSA,POPU_UND,F_POPUND,POPU_ST,F_POPST,CENTLIB,F_CENLIB,BRANLIB,F_BRLIB,BKMOB,F_BKMOB,MASTER,F_MASTER,LIBRARIA,F_LIBRAR,OTHPAID,F_OTHSTF,TOTSTAFF,F_TOTSTF,LOCGVT,F_LOCGVT,STGVT,F_STGVT,FEDGVT,F_FEDGVT,OTHINCM,F_OTHINC,TOTINCM,F_TOTINC,SALARIES,F_SALX,BENEFIT,F_BENX,STAFFEXP,F_TOSTFX,PRMATEXP,F_PRMATX,ELMATEXP,F_ELMATX,OTHMATEX,F_OTMATX,TOTEXPCO,F_TOCOLX,OTHOPEXP,F_OTHOPX,TOTOPEXP,F_TOTOPX,LCAP_REV,F_LCAPRV,SCAP_REV,F_SCAPRV,FCAP_REV,F_FCAPRV,OCAP_REV,F_OCAPRV,CAP_REV,F_TCAPRV,CAPITAL,F_TCAPX,BKVOL,F_BKVOL,EBOOK,F_EBOOK,AUDIO,F_AUDIO,VIDEO,F_VIDEO,DB_LOC,F_DB_LOC,DB_ST,F_DB_ST,DB_OTH,F_DB_OTH,DATABASE,F_DBASE,SUBSCRIP,F_PRSUB,ESUBSCRP,F_ESUB,HRS_OPEN,F_HRS_OP,VISITS,F_VISITS,REFERENC,F_REFER,REGBOR,F_REGBOR,TOTCIR,F_TOTCIR,KIDCIRCL,F_KIDCIR,LOANTO,F_LOANTO,LOANFM,F_LOANFM,TOTPRO,F_TOTPRO,KIDPRO,F_KIDPRO,YAPRO,F_YAPRO,TOTATTEN,F_TOTATT,KIDATTEN,F_KIDATT,YAATTEN,F_YAATT,GPTERMS,F_GPTERM,PITUSR,F_PITUSR,STARTDAT,F_STDAT,ENDDATE,F_ENDDAT,FIPSST,YR_SUB,OBEREG
AK,692314,R_09,692314,R_09,692314,R_09,87,R_09,16,R_09,1,R_09,60.55,R_09,111.05,R_09,207.98,R_09,319.03,R_09,30299126,R_09,990517,R_09,929300,R_09,1643336,R_09,33862279,R_09,13444648,R_09,8550759,R_09,21995407,R_09,2368876,R_09,166736,R_09,603444,R_09,3139056,R_09,7747534,R_09,32881997,R_09,2261329,R_09,91609,R_09,6028459,R_09,1287000,R_09,9668397,R_09,3076720,R_09,2531560,R_09,24497,R_09,123932,R_09,214821,R_09,113,R_09,4214,R_09,198,R_09,4525,R_09,6664,R_09,42,R_09,151882,R_09,3531925,R_09,503273,R_09,410355,R_09,4420491,R_09,1587799,IF09,27014,R_09,33463,R_09,10716,R_09,8218,R_09,973,R_09,215584,R_09,177483,R_09,9657,R_09,624,R_09,1063965,R_09,01/2008,R_09,06/2009,R_09,02,2010,08
AL,4627854,R_09,4627854,R_09,4627854,R_09,209,R_09,74,R_09,16,R_09,291.59,R_09,693.99,R_09,1049.59,R_09,1743.58,R_09,82431472,R_09,4431166,R_09,945056,R_09,8778109,R_09,96585803,R_09,50141847,R_09,12923806,IF09,63065653,IF09,7932838,R_09,631235,R_09,2769529,R_09,11333602,R_09,19771821,R_09,94171076,IF09,2434573,R_09,532475,R_09,235030,R_09,940399,R_09,4142477,R_09,6666878,R_09,9545805,R_09,435850,IF09,438727,R_09,498580,R_09,742,R_09,14078,R_09,220,R_09,15040,R_09,12444,IF09,2059,IF09,618344,R_09,16944715,IF09,3946087,IF09,2421228,IF09,21063430,R_09,7208410,R_09,161430,IF09,195485,IF09,30785,IF09,20869,R_09,781,U_09,828928,IF09,653994,IF09,10946,U_09,4501,IF09,4214488,IF09,10/2008,R_09,09/2009,R_09,01,2010,05
AR,2689282,R_09,2656139,R_09,2775708,R_09,49,R_09,168,R_09,3,R_09,119.6,IF09,278.55,IF09,769.23,IF09,1047.78,IF09,54842937,IF09,5024139,IF09,15080,IF09,3804519,IF09,63686675,IF09,27830153,IF09,7429336,IF09,35259489,IF09,6529082,IF09,810802,IF09,1468180,IF09,8808064,IF09,16123962,IF09,60191515,IF09,5402886,IF09,215152,IF09,314700,IF09,4295601,IF09,10228339,IF09,11304625,IF09,6578483,IF09,31192,IF09,224795,IF09,284488,IF09,690,IF09,3640,IF09,94,IF09,4424,IF09,9962,IF09,173,IF09,399517,IF09,10660058,IF09,1925303,IF09,1525904,IF09,14045035,IF09,3383428,IF09,35249,IF09,51705,IF09,26291,IF09,20491,IF09,1238,U_09,691355,IF09,519256,IF09,30282,U_09,2028,IF09,3514858,IF09,01/2009,R_09,12/2009,R_09,05,2010,05
AZ,6695336,R_09,6676183,R_09,6683129,R_09,84,R_09,131,R_09,10,R_09,488.43,IF09,602.99,IF09,1487.37,IF09,2090.36,IF09,193147492,IF09,653831,IF09,1157648,IF09,6358958,IF09,201317929,IF09,84359458,IF09,28220437,IF09,112579895,IF09,14238873,IF09,4830399,IF09,5290703,IF09,24359975,IF09,41532643,IF09,178472513,IF09,32961215,IF09,5000,IF09,21507,IF09,3915442,IF09,36903164,IF09,67678427,IF09,8806682,IF09,284188,IF09,677588,IF09,725949,IF09,478,IF09,2604,IF09,611,IF09,3693,IF09,18736,IF09,65,IF09,489296,IF09,29624406,IF09,4783855,IF09,4143939,IF09,49718957,IF09,11062890,IF09,389215,IF09,459375,IF09,52199,IF09,32671,IF09,4249,U_09,1201582,IF09,903818,IF09,77415,U_09,3996,IF09,7007618,IF09,07/2008,R_09,06/2009,R_09,04,2010,06
CA,38291890,R_09,38291890,R_09,38292687,R_09,166,R_09,956,R_09,65,R_09,3337.49,IF09,3544.34,IF09,8626.79,IF09,12171.13,IF09,1221654931,IF09,30401794,IF09,4560040,IF09,85545734,IF09,1342162499,IF09,619949707,IF09,245649540,IF09,865599247,IF09,82086417,IF09,18007380,IF09,23478236,IF09,123572033,IF09,339041646,IF09,1328212926,IF09,112768043,IF09,6998802,IF09,225313,IF09,7855510,IF09,127847668,IF09,119864233,IF09,75298691,IF09,490410,IF09,3438729,IF09,4340241,IF09,2163,IF09,105,IF09,1996,IF09,4264,IF09,116962,IF09,9287,IF09,2353969,IF09,182181408,IF09,36274216,IF09,21860684,IF09,237890309,IF09,88378180,IF09,3255161,IF09,3238292,IF09,336595,IF09,247964,IF09,25862,U_09,8309633,IF09,6287844,IF09,455832,U_09,17789,IF09,38631047,IF09,07/2008,R_09,06/2009,R_09,06,2010,08
CO,4951458,R_09,4890434,R_09,5011390,R_09,100,R_09,152,R_09,12,R_09,570.25,IF09,816.5,R_09,2204.91,R_09,3021.41,R_09,243940416,R_09,134410,R_09,1345780,R_09,19509813,R_09,264930419,R_09,118748575,R_09,31576401,R_09,150324976,R_09,17771948,R_09,4893590,R_09,8364869,R_09,31030407,R_09,56940521,R_09,238295904,R_09,7159578,R_09,1143736,R_09,25000,R_09,3134188,R_09,11462502,R_09,53716783,R_09,11915668,R_09,166486,IF09,1047028,R_09,1068262,R_09,862,R_09,617,R_09,135,R_09,1614,R_09,28492,R_09,118,IF09,595962,R_09,32811620,IF09,5886417,IF09,2787093,R_09,63395496,IF09,20139281,IF09,474043,IF09,503464,IF09,77401,IF09,49000,IF09,6505,U_09,1871679,IF09,1333245,IF09,102170,U_09,4180,R_09,7688174,IF09,01/2009,R_09,12/2009,R_09,08,2010,07
CT,4301371,R_09,3502309,R_09,3502309,R_09,195,R_09,47,R_09,9,R_09,748.78,IF09,1051.66,IF09,1374.52,IF09,2426.18,IF09,159856520,IF09,2045736,IF09,125881,IF09,22351613,IF09,184379750,IF09,108672013,IF09,29549501,IF09,138221514,IF09,14317030,IF09,2459616,IF09,3335398,IF09,20112044,IF09,34552144,IF09,192885702,IF09,10831822,IF09,1514770,IF09,147000,IF09,13243058,IF09,25736650,IF09,21578803,IF09,15645789,IF09,49577,IF09,868577,IF09,975463,IF09,937,IF09,5850,IF09,226,IF09,7013,IF09,28524,IF09,320,IF09,548294,IF09,24658811,IF09,4673404,IF09,1966997,IF09,34050729,IF09,11819249,IF09,755310,IF09,790437,IF09,80319,IF09,51334,IF09,3103,U_09,1735319,IF09,1085537,IF09,134782,U_09,3748,IF09,5687890,IF09,07/2008,R_09,06/2009,R_09,09,2010,01
DC,599657,R_09,599657,R_09,599657,R_09,1,R_09,24,R_09,0,R_09,117.4,R_09,117.4,R_09,314.6,R_09,432,R_09,44759751,R_09,0,R_09,1263396,R_09,354297,R_09,46377444,R_09,22129995,R_09,4318087,R_09,26448082,R_09,2309126,R_09,838295,R_09,1268667,R_09,4416088,R_09,15618572,R_09,46482742,R_09,29955550,R_09,0,R_09,7000000,R_09,0,R_09,36955550,R_09,24723187,R_09,2129573,R_09,11059,R_09,116891,R_09,103276,R_09,61,R_09,0,R_09,0,R_09,61,R_09,3150,R_09,0,R_09,60216,R_09,2944774,R_09,864970,IA09,310010,IA09,2337536,R_09,604336,R_09,13,R_09,102,R_09,9849,R_09,4632,R_09,1221,R_09,194240,R_09,150391,R_09,18179,R_09,594,R_09,140251,R_09,10/2008,R_09,09/2009,R_09,11,2010,02
DE,782397,R_09,782397,R_09,873000,R_09,19,R_09,13,R_09,2,R_09,58.81,IF09,127.18,R_09,212.18,R_09,339.36,R_09,21013750,R_09,6342234,R_09,1410,R_09,2415590,R_09,29772984,R_09,11666376,R_09,3912816,R_09,15579192,R_09,3148267,R_09,2066497,R_09,219046,R_09,5433810,R_09,6351540,R_09,27364542,R_09,5006294,R_09,8991227,R_09,0,R_09,4853515,R_09,18851036,R_09,19803262,R_09,1701264,R_09,2147,IA09,109797,R_09,131121,R_09,99,IA09,603,IA09,92,IA09,794,IA09,4789,R_09,2,IA09,86433,R_09,4357495,R_09,483458,IF09,436315,R_09,8207832,R_09,2589405,R_09,131987,R_09,135054,IF09,7747,R_09,5432,R_09,216,U_09,203048,R_09,155282,R_09,2404,U_09,487,R_09,451689,R_09,07/2008,R_09,06/2009,R_09,10,2010,02
FL,19008947,R_09,18715490,R_09,18750483,R_09,60,R_09,463,R_09,29,R_09,1831.44,IF09,2134.6,IF09,4904.44,IF09,7039.04,IF09,571533633,IF09,23103534,IF09,1477590,IF09,26607050,IF09,622721807,IF09,265418432,IF09,85901656,IF09,351320088,IF09,48995648,IF09,8738737,IF09,12964981,IF09,70699366,IF09,161093177,IF09,583112631,IF09,38176148,IF09,5454714,IF09,883555,IF09,7616170,IF09,52130587,IF09,79437286,IF09,32642991,IF09,863061,IF09,2411340,IF09,3018825,IF09,1336,R_09,5280,R_09,68,R_09,6684,R_09,71146,IF09,15126,IF09,1282326,IF09,89381144,IF09,29322205,IF09,10591177,IF09,127004890,IF09,35030429,IF09,296031,IF09,353195,IF09,194238,IF09,103000,IF09,14519,U_09,4473365,IF09,2973055,IF09,290496,U_09,14350,IF09,22700044,IF09,10/2008,R_09,09/2009,R_09,12,2010,05
GA,9446298,R_09,9446298,R_09,9446298,R_09,61,R_09,328,R_09,17,R_09,690.86,R_09,702.86,R_09,2401.51,R_09,3104.37,R_09,163648802,R_09,35511743,R_09,227293,R_09,10863994,R_09,210251832,R_09,106052796,R_09,32458572,R_09,138511368,R_09,18310955,R_09,1837129,R_09,4383761,R_09,24531845,R_09,38410402,R_09,201453615,R_09,25831869,R_09,9916831,R_09,0,R_09,2939149,R_09,38687849,R_09,38012408,R_09,16341056,R_09,28145,R_09,640664,R_09,821535,R_09,1636,R_09,5429,R_09,26,R_09,7091,R_09,25014,R_09,1513,R_09,907316,R_09,40922598,IF09,8743930,IF09,4158485,R_09,47811748,R_09,18777888,R_09,655198,R_09,667229,R_09,60602,R_09,45138,R_09,1448,R_09,1761338,R_09,1484647,R_09,19293,R_09,6471,R_09,15018105,R_09,07/2008,R_09,06/2009,R_09,13,2010,05
GU,175459,R_09,175459,R_09,175459,R_09,1,R_09,5,R_09,1,R_09,0,R_09,0,R_09,32,R_09,32,R_09,1336239,R_09,0,R_09,0,R_09,56398,R_09,1392637,R_09,786673,R_09,252207,R_09,1038880,R_09,10520,R_09,18168,R_09,0,R_09,28688,R_09,386319,R_09,1453887,R_09,0,R_09,0,R_09,369939,R_09,0,R_09,369939,R_09,0,R_09,210079,R_09,0,R_09,250,R_09,4790,R_09,2,R_09,0,R_09,0,R_09,2,R_09,4,R_09,1,R_09,8760,R_09,60763,R_09,7500,R_09,52027,R_09,36846,R_09,31504,R_09,21,R_09,0,R_09,219,R_09,210,R_09,0,R_09,8439,R_09,6805,R_09,0,R_09,59,R_09,19564,R_09,10/2008,R_09,09/2009,R_09,66,2010,09
HI,1288198,R_09,1288198,R_09,1288198,R_09,1,R_09,50,R_09,2,R_09,175,R_09,176,R_09,379.55,R_09,555.55,R_09,0,R_09,29293868,R_09,1168759,R_09,2576950,R_09,33039577,R_09,23184966,R_09,258476,R_09,23443442,R_09,2624118,R_09,870720,R_09,55131,R_09,3549969,R_09,6300264,R_09,33293675,R_09,0,R_09,7100000,R_09,0,R_09,0,R_09,7100000,R_09,3332124,R_09,3382741,R_09,12585,R_09,141434,R_09,132683,R_09,0,R_09,98,R_09,0,R_09,98,R_09,4747,R_09,27,R_09,94549,R_09,6019676,R_09,875732,R_09,852011,IA09,7228276,R_09,2666246,R_09,527,R_09,39,R_09,11527,R_09,5352,R_09,1231,R_09,302895,R_09,175172,R_09,37524,R_09,537,R_09,482309,R_09,07/2008,R_09,06/2009,R_09,15,2010,08
IA,3048640,R_09,2975079,R_09,3007856,R_09,541,R_09,20,R_09,4,R_09,250.46,IF09,947.69,IF09,772.74,IF09,1720.43,IF09,92343341,IF09,3036541,IF09,172352,IF09,10926110,IF09,106478344,IF09,53236162,IF09,15340570,IF09,68576732,IF09,10249033,IF09,1106790,IF09,2838827,IF09,14194650,IF09,18909692,IF09,101681074,IF09,21628786,IF09,1961792,IF09,48829,IF09,8881497,IF09,32520904,IF09,35221104,IF09,12143110,IF09,18795,IF09,764589,IF09,762338,IF09,647,R_09,9290,R_09,119,R_09,10056,R_09,36317,IF09,762,IF09,985053,IF09,19466908,IF09,1831231,IF09,2045189,IF09,28854915,IF09,10240018,IF09,378963,IF09,392595,IF09,60754,IF09,46057,IF09,3921,U_09,1363390,IF09,1144431,IF09,49652,U_09,3873,IF09,4219992,IF09,07/2008,R_09,06/2009,R_09,19,2010,04
ID,1371458,R_09,1351458,R_09,1545801,R_09,102,R_09,39,R_09,11,R_09,77.71,R_09,203.53,IF09,520.41,IF09,723.94,IF09,39938334,IF09,1075030,IF09,214116,IF09,3882310,IF09,45109790,IF09,20983155,IF09,6262178,IF09,27245333,IF09,3671288,IF09,407665,IF09,585901,IF09,4664854,IF09,9320833,IF09,41231020,IF09,5600603,IF09,3301,IF09,57909,IF09,213339,IF09,5875152,IF09,7579094,IF09,4275337,IF09,14532,IF09,243023,IF09,233462,IF09,210,IF09,5253,R_09,48,IF09,5511,R_09,6709,IF09,6723,IF09,257822,IF09,9149417,IF09,1204271,IF09,774073,IF09,13908071,IF09,5764052,IF09,85190,IF09,95288,IF09,23083,IF09,18172,IF09,1712,U_09,630107,IF09,531847,IF09,33100,U_09,1201,IF09,2079607,IF09,10/2008,R_09,09/2009,R_09,16,2010,07
IL,11766433,R_09,11766433,R_09,12916894,R_09,634,R_09,160,R_09,24,R_09,2085.54,IF09,3203.52,IF09,5638.15,IF09,8841.67,IF09,646485952,IF09,32708591,IF09,3022614,IF09,51928550,IF09,734145707,IF09,348499759,IF09,75692745,IF09,424192504,IF09,56037215,IF09,13782153,IF09,13836472,IF09,83655840,IF09,163200008,IF09,671048352,IF09,112039647,IF09,762149,IF09,269403,IF09,13645514,IF09,126716713,IF09,99573419,IF09,45250430,IF09,575988,IF09,2912842,IF09,2739825,IF09,4179,IF09,8150,IF09,1301,IF09,13630,IF09,104687,IF09,10428,IF09,1991302,IF09,82481517,IF09,14660482,IF09,5370965,IF09,114096320,IF09,43578335,IF09,5382345,IF09,5388689,IF09,137712,IF09,99774,IF09,0,U_09,3669946,IF09,2863830,IF09,0,U_09,11616,IF09,17037942,IF09,10/2007,R_09,06/2009,R_09,17,2010,03
IN,5822055,R_09,5700473,R_09,6080485,R_09,238,R_09,194,R_09,32,R_09,912.57,R_09,1478.17,R_09,3247.87,R_09,4726.04,R_09,281595806,R_09,20586089,R_09,540694,R_09,19626488,R_09,322349077,R_09,141453590,R_09,41208259,R_09,182661849,R_09,28016338,R_09,2674116,R_09,9499623,R_09,40190077,R_09,62350067,R_09,285201993,R_09,41250711,R_09,1780508,R_09,538537,R_09,3180225,R_09,46749981,R_09,40971375,R_09,25672189,R_09,115016,IF09,1591731,R_09,1931758,R_09,1022,R_09,10148,R_09,542,R_09,11712,R_09,65514,R_09,7889,IF09,1131039,R_09,42204890,IF09,5775756,IF09,3951749,R_09,80095028,R_09,23158655,R_09,130920,R_09,135386,R_09,124221,R_09,77505,R_09,10070,R_09,2873215,R_09,1810957,R_09,192777,R_09,7222,R_09,10455461,R_09,01/2009,R_09,12/2009,R_09,18,2010,03
KS,2376749,R_09,2373274,R_09,2802134,R_09,328,R_09,50,R_09,5,R_09,257.88,R_09,722.96,R_09,1091.52,R_09,1814.48,R_09,95333380,R_09,3828729,R_09,282169,R_09,10508973,R_09,109953251,R_09,56085017,R_09,13480043,R_09,69565060,R_09,8836644,IF09,3576877,IF09,1061279,IF09,13474800,IF09,24778335,IF09,107818195,IF09,2061227,R_09,0,R_09,0,R_09,2777344,R_09,4838571,R_09,2289800,IF09,10313740,IF09,17614,IF09,485261,R_09,742544,R_09,331,R_09,14760,R_09,64,R_09,15155,R_09,18900,IF09,238,IF09,688256,R_09,15673977,IF09,2497266,IF09,1786473,IF09,28010957,IF09,10687134,IF09,618093,IF09,633029,R_09,43621,R_09,28919,R_09,3852,U_09,1000271,IF09,768139,IF09,62410,U_09,3294,IF09,6456844,IF09,01/2009,R_09,12/2009,R_09,20,2010,04
KY,4231743,R_09,4204319,R_09,4241474,R_09,117,R_09,81,R_09,83,R_09,328.85,R_09,1080.43,R_09,1105.17,R_09,2185.6,R_09,136405141,R_09,6200353,R_09,350324,R_09,9811043,R_09,152766861,R_09,54668856,R_09,17189932,R_09,71858788,R_09,10366024,R_09,1723682,R_09,3793576,R_09,15883282,R_09,30694214,R_09,118436284,R_09,8203165,R_09,640500,R_09,41398,R_09,6398521,R_09,15283584,R_09,27980689,R_09,8849006,R_09,147578,R_09,557678,R_09,584766,R_09,849,R_09,3809,R_09,73,R_09,4731,R_09,18843,R_09,9741,R_09,639265,R_09,19113478,R_09,3073110,R_09,2471475,R_09,29140089,R_09,9502439,R_09,54414,R_09,75771,R_09,62457,R_09,43317,R_09,5476,R_09,1470618,R_09,1138685,R_09,69900,R_09,3531,R_09,4753783,R_09,07/2008,R_09,06/2009,R_09,21,2010,05
LA,4514209,R_09,4492076,R_09,4492076,R_09,68,R_09,265,R_09,28,R_09,369.92,R_09,940.66,R_09,1441.34,R_09,2382,R_09,163108952,R_09,6592212,R_09,337818,R_09,7866021,R_09,177905003,R_09,69261757,IF09,21443810,IF09,90705567,R_09,12419683,R_09,1568087,R_09,3445947,R_09,17433717,R_09,43287747,R_09,151427031,R_09,24234659,R_09,133443,R_09,0,R_09,295303,R_09,24663405,R_09,25396826,R_09,11651158,R_09,66782,R_09,415205,R_09,662431,R_09,696,R_09,3468,R_09,0,R_09,4164,R_09,24886,R_09,108,R_09,740547,R_09,15591805,R_09,6294532,IF09,2526852,R_09,19008829,R_09,4657682,R_09,93736,R_09,111910,R_09,45328,R_09,28944,R_09,5325,R_09,1085910,R_09,814575,R_09,77508,R_09,4330,R_09,5442633,R_09,01/2009,R_09,12/2009,R_09,22,2010,05
MA,6521887,R_09,6486702,R_09,6497967,R_09,370,R_09,95,R_09,4,R_09,1113.33,IF09,1722.23,IF09,1930.65,IF09,3652.88,IF09,231557599,IF09,9596613,IF09,1687833,IF09,22218991,IF09,265061036,IF09,167454615,IF09,25944506,IF09,193399121,IF09,26155022,IF09,2673703,IF09,7549884,IF09,36378609,IF09,46486566,IF09,276264296,IF09,15777341,IF09,3607048,IF09,39720,IF09,8817115,IF09,28241224,IF09,31217204,IF09,32968559,IF09,142647,IF09,1748731,IF09,1624000,IF09,2153,IF09,11419,IF09,834,IF09,14406,IF09,53927,IF09,655,IF09,925212,IF09,42237888,IF09,5478366,IF09,3636372,IF09,57753097,IF09,20406166,IF09,6011296,IF09,6079047,IF09,103244,IF09,63551,IF09,8108,U_09,2159105,IF09,1493227,IF09,105470,U_09,5252,IF09,8784952,IF09,07/2008,R_09,06/2009,R_09,25,2010,01
MD,5616727,R_09,5615727,R_09,5615727,R_09,15,R_09,169,R_09,18,R_09,692.12,R_09,1338.53,R_09,2197.97,R_09,3536.5,R_09,195076983,R_09,34529807,R_09,2771697,R_09,41554413,R_09,273932900,R_09,139175119,R_09,46808400,R_09,185983519,R_09,21843572,R_09,5234084,R_09,9484313,R_09,36561969,R_09,46557248,R_09,269102736,R_09,16634489,R_09,4000000,R_09,0,R_09,18414,R_09,20652903,R_09,17072394,R_09,13891606,R_09,64413,R_09,1046225,R_09,868677,R_09,358,R_09,600,R_09,491,R_09,1449,R_09,28883,R_09,782,IF09,514389,R_09,34474171,IF09,7570606,R_09,3309686,R_09,59828027,R_09,21591756,R_09,223859,R_09,243705,R_09,59081,R_09,38695,R_09,3960,U_09,1524888,R_09,1152856,R_09,97707,U_09,3982,R_09,6834211,R_09,07/2008,R_09,06/2009,R_09,24,2010,02
ME,1361714,R_09,1216300,R_09,1361714,R_09,269,R_09,6,R_09,0,R_09,161.73,IF09,347.32,IF09,369.46,IF09,716.78,IF09,30187912,IF09,364087,IF09,29417,IF09,9774081,IF09,40355497,IF09,22202687,IF09,5144725,IF09,27347412,IF09,3279298,IF09,150656,IF09,678743,IF09,4108697,IF09,8157324,IF09,39613433,IF09,1315265,IF09,170000,IF09,315052,IF09,3934872,IF09,5735189,IF09,3675480,IF09,6535940,IF09,126207,IF09,229554,IF09,303005,IF09,100,IF09,217,IF09,14094,R_09,14411,IF09,10910,IF09,232,IF09,390051,IF09,7193930,IF09,693108,IF09,779335,IF09,9594674,IF09,3450476,IF09,417979,IF09,523511,IF09,30566,IF09,21013,IF09,1231,U_09,511028,IF09,362410,IF09,16594,U_09,1461,IF09,1345128,IF09,04/2008,R_09,12/2009,R_09,23,2010,01
MI,9938604,R_09,9907654,R_09,9952969,R_09,379,R_09,276,R_09,12,R_09,1345.69,IF09,1959.79,IF09,3243.46,IF09,5203.25,IF09,403460327,IF09,9064161,IF09,428415,IF09,26639844,IF09,439592747,IF09,186741687,IF09,68192970,IF09,254934657,IF09,33556726,IF09,4905797,IF09,10968858,IF09,49431381,IF09,96000330,IF09,400366368,IF09,19404794,IF09,30610,IF09,802507,IF09,1086488,IF09,21324399,IF09,47655458,IF09,35539487,IF09,273304,IF09,2164020,IF09,1904513,IF09,1347,IF09,124,IF09,766,IF09,2237,IF09,68448,IF09,1007,IF09,1476635,IF09,59125530,IF09,9453880,IF09,5116812,IF09,85369036,IF09,29139853,IF09,3422267,IF09,3366254,IF09,107699,IF09,62611,IF09,9211,U_09,2820222,IF09,1781301,IF09,169011,U_09,10164,IF09,14572183,IF09,12/2007,R_09,09/2009,R_09,26,2010,03
MN,5776114,R_09,5287976,R_09,5287976,R_09,128,R_09,232,R_09,13,R_09,527.04,R_09,793.08,R_09,1539.44,R_09,2332.52,R_09,181055217,R_09,7233787,R_09,268049,R_09,17790470,R_09,206347523,R_09,98309004,R_09,32234335,R_09,130543339,R_09,15482795,IF09,2193283,R_09,4498709,R_09,22174787,R_09,40038452,R_09,192756578,R_09,34317292,R_09,37342,R_09,0,R_09,24119,R_09,34378753,R_09,30773550,R_09,15534742,IF09,2037270,R_09,866534,IF09,851177,IF09,731,R_09,1862,R_09,766,R_09,3359,R_09,35354,R_09,69,R_09,736539,R_09,29544412,IF09,3951754,IF09,4261991,R_09,58967563,R_09,22750352,IF09,1230021,IF09,1196964,IF09,49368,IF09,34325,IF09,3977,R_09,1200246,IF09,884874,IF09,62780,R_09,4792,R_09,7513105,IF09,01/2009,R_09,12/2009,R_09,27,2010,04
MO,5124595,R_09,5124595,R_09,5987580,R_09,138,R_09,222,R_09,29,R_09,403.12,IF09,697.46,IF09,2343.94,IF09,3041.4,IF09,200809994,IF09,5129203,IF09,2467521,IF09,17210393,IF09,225617111,IF09,96265145,IF09,25171718,IF09,121436863,IF09,21580146,IF09,6481744,IF09,6636555,IF09,34698445,IF09,43780106,IF09,199915414,IF09,11331038,R_09,6894,R_09,102377,R_09,4272732,R_09,15713041,R_09,27339332,R_09,17591577,IF09,219068,IF09,935660,IF09,872700,IF09,1278,R_09,1876,R_09,142,R_09,3296,R_09,41013,R_09,2838,R_09,878440,R_09,30347136,IF09,5670050,IF09,2990762,IF09,51552137,IF09,18422837,IF09,342342,IF09,336850,IF09,58718,IF09,36459,IF09,5209,U_09,1541350,IF09,1101432,IF09,61443,U_09,4441,R_09,5443385,IF09,10/2007,R_09,12/2009,R_09,29,2010,04
MP,-1,U_09,-1,U_09,-1,U_09,-1,U_09,-1,U_09,-1,U_09,-1,U_09,-1,U_09,-1,U_09,-1,U_09,-1,U_09,-1,U_09,-1,U_09,-1,U_09,-1,U_09,-1,U_09,-1,U_09,-1,U_09,-1,U_09,-1,U_09,-1,U_09,-1,U_09,-1,U_09,-1,U_09,-1,U_09,-1,U_09,-1,U_09,-1,U_09,-1,U_09,-1,U_09,-1,U_09,-1,U_09,-1,U_09,-1,U_09,-1,U_09,-1,U_09,-1,U_09,-1,U_09,-1,U_09,-1,U_09,-1,U_09,-1,U_09,-1,U_09,-1,U_09,-1,U_09,-1,U_09,-1,U_09,-1,U_09,-1,U_09,-1,U_09,-1,U_09,-1,U_09,-1,U_09,-1,U_09,-1,U_09,-1,U_09,M,U_09,M,U_09,69,2010,09
MS,2959946,R_09,2938618,R_09,2938618,R_09,47,R_09,190,R_09,2,R_09,120,R_09,573,R_09,672,R_09,1245,R_09,33576784,R_09,9106987,R_09,380751,R_09,5320824,R_09,48385346,R_09,23402686,R_09,7848457,R_09,31251143,R_09,3445517,R_09,313291,R_09,729165,R_09,4487973,R_09,9556191,R_09,45295307,R_09,803397,R_09,9328,R_09,537519,R_09,163456,R_09,1513700,R_09,1610222,R_09,5556483,R_09,17882,R_09,220795,R_09,291357,R_09,222,R_09,2500,R_09,47,R_09,2769,R_09,9378,R_09,51,R_09,453284,R_09,9456124,R_09,1767795,R_09,1313128,R_09,8905346,R_09,2232230,R_09,18481,R_09,26679,R_09,21247,R_09,12847,R_09,671,R_09,522016,R_09,332167,R_09,9247,R_09,2240,R_09,2551083,R_09,10/2008,R_09,09/2009,R_09,28,2010,05
MT,900302,R_09,900302,R_09,900302,R_09,80,R_09,30,R_09,2,R_09,56.02,R_09,187.4,R_09,162.66,R_09,350.06,R_09,20903915,R_09,447874,R_09,131770,R_09,1681602,R_09,23165161,R_09,11103375,R_09,3300184,R_09,14403559,R_09,1958019,R_09,533840,R_09,356574,R_09,2848433,R_09,4508114,R_09,21760106,R_09,762175,R_09,0,R_09,0,R_09,193554,R_09,955729,R_09,1129783,R_09,2731190,R_09,261886,R_09,154930,R_09,152701,R_09,145,R_09,4150,R_09,26,R_09,4321,R_09,5189,R_09,38,R_09,200564,R_09,4386504,R_09,428844,R_09,442311,R_09,6244116,R_09,2030542,R_09,170345,R_09,175058,R_09,10852,R_09,7447,R_09,894,R_09,254559,R_09,169993,R_09,20625,R_09,896,R_09,1346956,R_09,07/2008,R_09,06/2009,R_09,30,2010,07
NC,9227016,R_09,9227016,R_09,9227016,R_09,66,R_09,323,R_09,34,R_09,699.92,R_09,742.93,R_09,2370.87,R_09,3113.8,R_09,177912838,R_09,15844888,R_09,1635317,R_09,13827172,R_09,209220215,R_09,110112407,R_09,34345452,R_09,144457859,R_09,18201099,R_09,1664207,R_09,2775275,R_09,22640581,R_09,34283575,R_09,201382015,R_09,8245798,R_09,0,R_09,287332,R_09,321621,R_09,8854751,R_09,10471161,R_09,16907341,R_09,288535,IF09,727949,R_09,664800,R_09,434,R_09,4312,R_09,61,R_09,4807,R_09,30788,IF09,105,IF09,979722,R_09,44408938,IF09,12708559,IF09,5178071,R_09,55571357,R_09,20434234,R_09,59952,IF09,61515,IF09,111509,R_09,84737,R_09,-1,U_09,2697634,R_09,2202183,R_09,-1,U_09,6283,R_09,9999281,R_09,07/2008,R_09,06/2009,R_09,37,2010,05
ND,583330,R_09,570584,R_09,641481,R_09,84,R_09,9,R_09,13,R_09,37.9,IF09,118.61,R_09,103.61,R_09,222.22,R_09,11790398,R_09,834741,R_09,56689,R_09,1208822,R_09,13890650,R_09,6495260,R_09,1646236,R_09,8141496,R_09,1738949,IF09,188246,IF09,332178,IF09,2259373,R_09,2876976,R_09,13277845,R_09,264541,R_09,497,R_09,0,R_09,191935,R_09,456973,R_09,3101714,R_09,2575011,IF09,40902,R_09,108681,IF09,108310,IF09,69,R_09,2040,R_09,833,R_09,2942,R_09,4321,IF09,7,R_09,149412,IF09,2513725,IF09,451384,IF09,293031,IF09,4424017,IF09,1650320,IF09,56281,IF09,53453,IF09,6377,R_09,4130,R_09,811,R_09,133148,R_09,95817,R_09,6004,U_09,585,R_09,529689,IF09,01/2009,R_09,12/2009,R_09,38,2010,04
NE,1466755,R_09,1345936,R_09,1783432,R_09,269,R_09,18,R_09,7,R_09,105.65,IF09,362.62,IF09,524.4,IF09,887.02,IF09,44966192,IF09,504149,IF09,154253,IF09,3183976,IF09,48808570,IF09,22591795,IF09,6704887,IF09,29296682,IF09,4675727,IF09,1019286,IF09,986821,IF09,6681834,IF09,8522246,IF09,44500762,IF09,1975744,IF09,2643,IF09,0,IF09,60438,IF09,2038825,IF09,1657833,IF09,6345141,IF09,387262,IF09,308729,IF09,306798,IF09,373,IF09,5278,IF09,33,IF09,5684,IF09,15408,IF09,372,IF09,444964,IF09,9182199,IF09,1081704,IF09,978242,IF09,14020915,IF09,5830820,IF09,44730,IF09,43686,IF09,25387,IF09,18479,IF09,2059,U_09,617347,IF09,512759,IF09,25714,U_09,1958,IF09,2547490,IF09,01/2008,R_09,12/2009,R_09,31,2010,04
NH,1437436,R_09,1311023,R_09,1315000,R_09,230,R_09,5,R_09,0,R_09,205.14,IF09,473.75,IF09,396.5,IF09,870.25,IF09,48237894,IF09,27005,IF09,7162,IF09,3904773,IF09,52176834,IF09,29758983,IF09,7745879,IF09,37504862,IF09,4630907,IF09,409675,IF09,969939,IF09,6010521,IF09,8580323,IF09,52095706,IF09,5797824,IF09,225,IF09,18950,IF09,762211,IF09,6579210,IF09,7697990,IF09,6216733,IF09,33962,IF09,270874,IF09,332359,IF09,400,IF09,4301,IF09,91,IF09,4792,IF09,16237,IF09,304,IF09,387082,IF09,7677930,IF09,835194,IF09,744753,IF09,11663486,IF09,4448428,IF09,181256,IF09,203317,IF09,33703,IF09,22927,IF09,2088,U_09,627192,IF09,469209,IF09,22160,U_09,1263,IF09,1262910,IF09,07/2008,R_09,12/2009,R_09,33,2010,01
NJ,9016064,R_09,8336427,R_09,8414350,R_09,301,R_09,150,R_09,12,R_09,1659.17,IF09,1670.17,IF09,4213.83,IF09,5884,IF09,474563711,IF09,7562067,IF09,1605010,IF09,18758347,IF09,502489135,IF09,240995716,IF09,85483793,IF09,326479509,IF09,36456825,IF09,5085422,IF09,9705856,IF09,51248103,IF09,92846568,IF09,470574180,IF09,13275473,IF09,515821,IF09,45154,IF09,650662,IF09,14487110,IF09,18757423,IF09,30229507,IF09,124677,IF09,1532626,IF09,1674318,IF09,2669,IF09,6622,R_09,962,IF09,10253,IF09,57044,IF09,534,IF09,1216580,IF09,51019258,IF09,8137928,IF09,4490215,IF09,64887659,IF09,23427813,IF09,2366600,IF09,2364080,IF09,153851,IF09,96624,IF09,0,U_09,2921302,IF09,1918969,IF09,0,U_09,6970,IF09,11257880,IF09,01/2009,R_09,12/2009,R_09,34,2010,02
NM,1568545,R_09,1566675,R_09,1984356,R_09,91,R_09,27,R_09,1,R_09,135,IF09,299.83,IF09,398.54,IF09,698.37,IF09,40850137,IF09,2046704,IF09,464004,IF09,2289136,IF09,45649981,IF09,21673510,IF09,7706221,IF09,29379731,IF09,4029024,IF09,760969,IF09,919687,IF09,5709680,IF09,9642134,IF09,44731545,IF09,1319784,IF09,743248,IF09,0,IF09,235141,IF09,2298173,IF09,2768020,IF09,4615028,IF09,5865,IF09,233008,IF09,207889,IF09,275,IF09,3549,IF09,196,IF09,4020,IF09,10283,IF09,82,IF09,256663,IF09,7800479,IF09,1326375,IF09,1147306,IF09,10181967,IF09,3474549,IF09,21048,IF09,23251,IF09,17739,IF09,11382,IF09,2296,U_09,412603,IF09,303868,IF09,38337,U_09,1416,IF09,1995016,IF09,07/2008,R_09,06/2009,R_09,35,2010,06
NV,2711056,R_09,2711056,R_09,2711056,R_09,19,R_09,67,R_09,5,R_09,189.48,R_09,240.48,R_09,729.31,R_09,969.79,R_09,79373381,R_09,3066510,R_09,773084,R_09,21601000,R_09,104813975,R_09,42467131,R_09,14241100,R_09,56708231,R_09,9652700,R_09,2031374,R_09,4042310,R_09,15726384,R_09,15849822,R_09,88284437,R_09,5151137,R_09,32189,R_09,0,R_09,98709,R_09,5282035,R_09,7948460,R_09,4781506,R_09,67410,R_09,435352,R_09,501135,R_09,221,R_09,880,R_09,17,R_09,1118,R_09,9063,R_09,17,R_09,170599,R_09,11584739,IF09,1616730,R_09,1174719,R_09,19415692,R_09,6859063,R_09,131001,R_09,88682,R_09,22321,R_09,11272,R_09,167,U_09,756474,R_09,420699,R_09,3475,U_09,1249,R_09,3391433,R_09,07/2008,R_09,06/2009,R_09,32,2010,08
NY,19097977,R_09,18927889,R_09,18927889,R_09,755,R_09,312,R_09,6,R_09,3636.23,R_09,4310.81,R_09,8617.45,R_09,12928.26,R_09,1027325610,R_09,45738003,R_09,6000583,R_09,164536818,R_09,1243601014,R_09,605978635,R_09,198054977,R_09,804033612,R_09,79857276,R_09,11342172,R_09,13943641,R_09,105143089,R_09,200684785,R_09,1109861486,R_09,67111312,R_09,12042126,R_09,253429,R_09,82238594,R_09,161645461,R_09,179590929,R_09,75760289,R_09,705764,IF09,5706839,R_09,3952863,R_09,7765,R_09,6032,R_09,5150,R_09,18947,R_09,177746,R_09,664033,R_09,2409883,R_09,119810969,R_09,27583096,IF09,11294134,R_09,159895774,R_09,48902738,R_09,7345420,IF09,7530247,IF09,379406,R_09,190670,R_09,44215,U_09,7270424,IF09,4096991,IF09,591371,U_09,15928,R_09,22322833,IF09,03/2008,R_09,12/2009,R_09,36,2010,02
OH,11542032,R_09,11542032,R_09,11542032,R_09,239,R_09,485,R_09,64,R_09,1940.98,R_09,2701.54,IF09,6021.15,IF09,8722.69,IF09,223217935,R_09,370163577,R_09,0,R_09,80302827,IF09,673684339,IF09,347936660,R_09,104643115,R_09,452579775,R_09,46029219,R_09,8997438,R_09,31856738,R_09,86883395,R_09,121155515,R_09,660618685,R_09,90000,R_09,46800,R_09,1025498,R_09,14607797,R_09,15770095,R_09,33780566,R_09,45818148,R_09,1321651,IF09,4776481,IF09,4504271,R_09,1982,R_09,70531,R_09,963,R_09,73476,R_09,162880,IF09,114019,IF09,1772973,R_09,92402369,IF09,20701928,IF09,8202529,IF09,196245957,R_09,55184307,IF09,8164874,IF09,8786661,IF09,252658,IF09,158264,IF09,19006,U_09,5449510,IF09,3904785,IF09,367881,U_09,11435,R_09,22036787,IF09,01/2009,R_09,12/2009,R_09,39,2010,03
OK,3005997,R_09,3005997,R_09,3687050,R_09,115,R_09,91,R_09,5,R_09,248.53,R_09,630.39,R_09,682.39,R_09,1312.78,R_09,90518709,R_09,2785712,R_09,95797,R_09,4954436,R_09,98354654,R_09,43897876,R_09,12757872,R_09,56655748,R_09,10439277,R_09,1287008,R_09,2159429,R_09,13885714,R_09,25885325,R_09,96426787,R_09,7993629,R_09,189522,R_09,13172,R_09,5111573,R_09,13307896,R_09,10131627,R_09,7277804,R_09,11695,R_09,335143,R_09,333974,R_09,394,R_09,2645,R_09,14,R_09,3053,R_09,12505,R_09,32,R_09,480926,R_09,21171452,R_09,2177760,R_09,1796101,R_09,21290447,R_09,7021527,R_09,45901,R_09,46363,R_09,33153,R_09,18482,R_09,3120,R_09,933622,R_09,682071,R_09,59516,R_09,2324,R_09,4711639,R_09,07/2008,R_09,06/2009,R_09,40,2010,06
OR,3639023,R_09,3639023,R_09,3791075,R_09,123,R_09,88,R_09,9,R_09,397.78,R_09,504.05,R_09,1256.2,R_09,1760.25,R_09,166102831,R_09,717807,R_09,624075,R_09,10816466,IF09,178261179,IF09,73386831,R_09,34701552,R_09,108088383,R_09,11693982,R_09,2251993,IF09,4425950,R_09,18371925,IF09,40814135,R_09,167274443,R_09,12895341,IF09,1500,R_09,563767,R_09,5292555,IF09,18753163,IF09,19797683,R_09,9927444,R_09,40060,IF09,1190686,R_09,814031,R_09,469,R_09,3348,R_09,595,R_09,4412,R_09,20684,R_09,1196,R_09,420039,R_09,24681438,IF09,2737292,IF09,1918988,IF09,55860328,R_09,21157569,IF09,4114548,IF09,3695065,R_09,56161,IF09,41966,R_09,4429,R_09,1357519,IF09,1124225,IF09,61490,U_09,2539,R_09,4785990,IF09,07/2008,R_09,06/2009,R_09,41,2010,08
PA,12094096,R_09,11971429,R_09,12284183,R_09,453,R_09,179,R_09,33,R_09,1180.49,IF09,1583.05,IF09,3612.29,IF09,5195.34,IF09,209197386,IF09,81839459,IF09,4041135,IF09,51884840,IF09,346962820,IF09,163304247,IF09,55343560,IF09,218647807,IF09,28381199,IF09,3804578,IF09,11535532,IF09,43721309,IF09,72592058,IF09,334961174,IF09,4136074,IF09,6461494,IF09,67607,IF09,10738780,IF09,21403955,IF09,27342219,IF09,28179842,IF09,769402,IF09,2677870,IF09,1733634,IF09,1601,R_09,18778,R_09,2376,R_09,22755,R_09,59684,IF09,1919,IF09,1529475,IF09,49246073,IF09,8939231,IF09,5513347,IF09,72070635,IF09,25766078,IF09,4041674,IF09,4160808,IF09,178704,IF09,115616,IF09,14896,U_09,3947143,IF09,2986882,IF09,195421,U_09,7232,IF09,9091955,IF09,07/2008,R_09,12/2009,R_09,42,2010,02
PR,7521620,R_09,2451906,R_09,3967179,R_09,48,R_09,13,R_09,1,R_09,14,U_09,57,U_09,223,U_09,280,U_09,2618421,U_09,873770,U_09,22700,U_09,1292159,U_09,3259433,U_09,2709469,U_09,525278,U_09,2712098,U_09,111346,U_09,600862,U_09,8668,U_09,711358,U_09,924515,U_09,3192608,U_09,85556,U_09,118160,U_09,83733,U_09,90034,U_09,217482,U_09,1317258,U_09,260985,U_09,180,U_09,57260,U_09,5302,U_09,46,U_09,1,U_09,1,U_09,47,U_09,3452,U_09,3,U_09,68752,U_09,445879,U_09,142458,U_09,72808,U_09,96482,U_09,20857,U_09,155,U_09,254,U_09,2300,U_09,789,U_09,181,U_09,49348,U_09,20417,U_09,7019,U_09,738,U_09,222808,U_09,01/2009,R_09,12/2009,R_09,72,2010,09
RI,1298048,R_09,1057832,R_09,1057832,R_09,48,R_09,24,R_09,2,R_09,212.43,IF09,237.11,IF09,377.95,IF09,615.06,IF09,33326057,IF09,8817941,IF09,271962,IF09,7195323,IF09,49611283,IF09,25547381,IF09,8428092,IF09,33975473,IF09,3070835,IF09,1235704,IF09,727710,IF09,5034249,IF09,7791680,IF09,46801402,IF09,162552,IF09,575984,IF09,52704,IF09,991692,IF09,1782932,IF09,1284749,IF09,4333934,IF09,13763,IF09,146781,IF09,219033,IF09,545,IF09,966,IF09,707,IF09,2218,IF09,7017,IF09,45,IF09,166852,IF09,6813919,IF09,872963,IF09,508617,IF09,7747890,IF09,2426719,IF09,1417818,IF09,1098938,IF09,21043,IF09,12184,IF09,2393,U_09,349954,IF09,199487,IF09,26096,U_09,1097,IF09,1529269,IF09,07/2008,R_09,06/2009,R_09,44,2010,01
SC,4318338,R_09,4318338,R_09,4318338,R_09,41,R_09,152,R_09,31,R_09,438.36,R_09,548.63,R_09,1352.64,R_09,1901.27,R_09,106444286,R_09,6964350,R_09,136740,R_09,5398271,R_09,118943647,R_09,57372389,R_09,19597067,R_09,76969456,R_09,11413774,R_09,1743398,R_09,3061386,R_09,16218558,R_09,18924451,R_09,112112465,R_09,5226805,R_09,1115904,R_09,940020,R_09,2493817,R_09,9776546,R_09,9472827,R_09,9429631,R_09,65639,R_09,438473,R_09,543596,R_09,378,R_09,1428,R_09,4,R_09,1810,R_09,20427,R_09,454,R_09,489584,R_09,18105931,R_09,5193964,R_09,2467743,R_09,26160419,R_09,9909356,R_09,25304,R_09,50877,R_09,31926,R_09,24495,R_09,2087,R_09,862202,R_09,721518,R_09,49619,R_09,3082,R_09,5529774,R_09,07/2008,R_09,06/2009,R_09,45,2010,05
SD,751902,R_09,732732,R_09,812383,R_09,112,R_09,36,R_09,8,R_09,41.76,IF09,162.94,IF09,202.17,IF09,365.11,IF09,21794375,IF09,0,IF09,215644,IF09,1256183,IF09,23266202,IF09,11571511,IF09,3309595,IF09,14881106,IF09,2158242,IF09,295713,IF09,554984,IF09,3008939,IF09,4117709,IF09,22007754,IF09,2670514,IF09,0,IF09,250000,IF09,178374,IF09,3098888,IF09,7934385,IF09,3095596,IF09,55842,IF09,123914,IF09,163627,IF09,65,IF09,4518,IF09,1244,IF09,5827,IF09,5422,IF09,16,IF09,236772,IF09,3976320,IF09,634736,IF09,417111,IF09,6126411,IF09,1892270,IF09,34563,IF09,43701,IF09,10125,IF09,8203,IF09,878,U_09,252019,IF09,214153,IF09,9683,U_09,910,IF09,926926,IF09,01/2009,R_09,12/2009,R_09,46,2010,04
TN,6189071,R_09,6189071,R_09,6189071,R_09,186,R_09,103,R_09,5,R_09,290.51,R_09,576.73,R_09,1241.48,R_09,1818.21,R_09,101021270,R_09,100520,R_09,459203,R_09,11973240,R_09,113554233,R_09,56321471,R_09,15630481,R_09,71951952,R_09,8735388,R_09,1143389,R_09,2242822,R_09,12121599,R_09,20946438,R_09,105019989,R_09,18987862,R_09,540000,IF09,108600,IF09,1903868,IF09,21540330,R_09,17867059,R_09,11753799,R_09,49609,R_09,514804,R_09,540368,R_09,553,R_09,7440,R_09,54,R_09,8047,R_09,16192,R_09,81,IF09,628324,R_09,21545326,IF09,3927613,IF09,3201560,R_09,24986660,R_09,8045426,IF09,92381,IF09,95437,IF09,34594,R_09,24807,R_09,2307,R_09,1042365,R_09,846658,R_09,39026,U_09,4104,R_09,6019840,R_09,07/2008,R_09,06/2009,R_09,47,2010,05
TX,22650832,R_09,22650832,R_09,24326974,R_09,559,R_09,306,R_09,8,R_09,1655.71,R_09,2279.48,R_09,4849.36,R_09,7128.84,R_09,433078662,R_09,5388154,R_09,785179,R_09,16678049,R_09,455930044,R_09,233165971,R_09,72016805,R_09,305182776,R_09,41611769,R_09,7012242,R_09,10532586,R_09,59156597,R_09,78151448,R_09,442490821,R_09,84552234,R_09,434767,R_09,1487580,R_09,8101560,R_09,94576141,R_09,70214730,R_09,41749029,R_09,255670,R_09,2030821,R_09,2249129,R_09,1603,R_09,27135,R_09,665,R_09,29403,R_09,60034,R_09,3001,R_09,1880255,R_09,79151722,IF09,16435201,IF09,11973441,IF09,116156469,IF09,43389324,IF09,331818,IF09,437364,IF09,176978,IF09,103019,IF09,17415,R_09,4810376,IF09,3379914,IF09,335534,R_09,16031,R_09,21253447,IF09,02/2008,R_09,12/2009,R_09,48,2010,06
UT,2734137,R_09,2734137,R_09,2736424,R_09,57,R_09,64,R_09,18,R_09,178.58,IF09,339.62,IF09,838.77,IF09,1178.39,IF09,81532939,IF09,987810,IF09,290365,IF09,4139806,IF09,86950920,IF09,40867579,IF09,15117211,IF09,55984790,IF09,9347753,IF09,1004621,IF09,3823517,IF09,14175891,IF09,14810825,IF09,84971506,IF09,5859453,IF09,63289,IF09,78052,IF09,275783,IF09,6276577,IF09,6128343,IF09,6744272,IF09,65251,IF09,696681,IF09,522846,IF09,579,IF09,2556,R_09,0,IF09,3135,IF09,13608,IF09,197,IF09,305829,IF09,19037603,IF09,5116948,IF09,1733570,IF09,36636897,IF09,14092513,IF09,22498,IF09,25677,IF09,24516,IF09,19674,IF09,1758,U_09,853942,IF09,717806,IF09,30808,U_09,1717,IF09,3527513,IF09,07/2008,R_09,12/2009,R_09,49,2010,07
VA,7660382,R_09,7634809,R_09,7795424,R_09,79,R_09,269,R_09,29,R_09,886.42,R_09,1004.71,R_09,2916.43,R_09,3921.14,R_09,251142707,R_09,17033865,R_09,747285,R_09,12498476,R_09,281422333,R_09,146108888,R_09,43279769,R_09,189388657,R_09,21970961,R_09,3916485,R_09,5607933,R_09,31495379,R_09,54426985,R_09,275311021,R_09,40875953,R_09,10000,R_09,79200,R_09,20890818,R_09,61855971,R_09,38354834,R_09,19150672,R_09,860664,IF09,1082830,R_09,953844,R_09,774,R_09,1638,R_09,806,R_09,3218,R_09,30634,R_09,3831,R_09,923332,R_09,42300780,R_09,7626640,IF09,4602202,R_09,75180389,R_09,25128850,IF09,178793,IF09,187408,IF09,105850,IF09,56370,IF09,6146,U_09,1851788,R_09,784120,IF09,103020,U_09,5671,R_09,7309754,IF09,07/2008,R_09,06/2009,R_09,51,2010,05
VI,-1,U_09,-1,U_09,-1,U_09,-1,U_09,-1,U_09,-1,U_09,-1,U_09,-1,U_09,-1,U_09,-1,U_09,-1,U_09,-1,U_09,-1,U_09,-1,U_09,-1,U_09,-1,U_09,-1,U_09,-1,U_09,-1,U_09,-1,U_09,-1,U_09,-1,U_09,-1,U_09,-1,U_09,-1,U_09,-1,U_09,-1,U_09,-1,U_09,-1,U_09,-1,U_09,-1,U_09,-1,U_09,-1,U_09,-1,U_09,-1,U_09,-1,U_09,-1,U_09,-1,U_09,-1,U_09,-1,U_09,-1,U_09,-1,U_09,-1,U_09,-1,U_09,-1,U_09,-1,U_09,-1,U_09,-1,U_09,-1,U_09,-1,U_09,-1,U_09,-1,U_09,-1,U_09,-1,U_09,-1,U_09,-1,U_09,M,U_09,M,U_09,78,2010,09
VT,718907,R_09,606479,R_09,621270,R_09,182,R_09,3,R_09,5,R_09,48.25,IF09,195.2,IF09,136.29,IF09,331.49,IF09,15313086,IF09,462,IF09,16239,IF09,5879666,IF09,21209453,IF09,10705717,IF09,2399591,IF09,13105308,IF09,1824763,IF09,123327,IF09,407478,IF09,2355568,IF09,4773283,IF09,20234159,IF09,996318,IF09,0,IF09,132896,IF09,406315,IF09,1535529,IF09,1259612,IF09,2963910,IF09,8194,IF09,154760,IF09,158309,IF09,237,IF09,2661,IF09,0,IF09,2898,IF09,6568,IF09,21,IF09,261967,IF09,3932070,IF09,464938,IF09,383819,IF09,4754349,IF09,1903877,IF09,31420,IF09,47649,IF09,21898,IF09,15462,IF09,841,U_09,371135,IF09,269067,IF09,14310,U_09,941,IF09,849762,IF09,01/2008,R_09,09/2009,R_09,50,2010,01
WA,6544250,R_09,6544250,R_09,6668200,R_09,54,R_09,281,R_09,26,R_09,818.68,IF09,852.16,IF09,2699.62,IF09,3551.78,IF09,326805900,IF09,505249,IF09,908777,IF09,10679211,IF09,338899137,IF09,172789433,IF09,54182608,IF09,226972041,IF09,31887287,IF09,6496793,IF09,6543708,IF09,44927788,IF09,65025300,IF09,336925129,IF09,3187813,IF09,2000,IF09,0,IF09,1384632,IF09,4574445,IF09,12288374,IF09,15376906,IF09,81463,IF09,1424941,IF09,1382811,IF09,840,IF09,693,R_09,71,IF09,1604,IF09,41167,IF09,16701,IF09,766315,IF09,44123917,IF09,5996845,IF09,4639416,R_09,84505075,IF09,28001053,IF09,129566,IF09,178368,IF09,66890,IF09,47543,IF09,4809,U_09,1852221,IF09,1425222,IF09,97205,U_09,5249,IF09,9364118,IF09,01/2009,R_09,12/2009,R_09,53,2010,08
WI,5687715,R_09,5687715,R_09,5687715,R_09,377,R_09,80,R_09,8,R_09,634.18,R_09,1096.66,R_09,1932.93,R_09,3029.59,R_09,201393720,R_09,5809775,R_09,1004486,R_09,11395400,R_09,219603381,R_09,109025268,IF09,40752292,IF09,149777560,R_09,17755475,IF09,1331947,IF09,6043205,IF09,25130627,R_09,40909981,R_09,215818168,R_09,14940180,R_09,46762,R_09,916183,R_09,6088153,R_09,21991278,R_09,21898318,R_09,19955835,R_09,3387509,R_09,2933219,R_09,1774786,R_09,1086,R_09,10640,R_09,1958,R_09,13684,R_09,46404,IF09,1167,IF09,1048617,R_09,36481000,IF09,5128790,IF09,3669788,IF09,65271061,R_09,22698464,R_09,8706762,IF09,8817373,IF09,74569,R_09,53530,R_09,4533,R_09,1855221,R_09,1507861,IF09,69199,R_09,4887,R_09,7808423,IF09,01/2009,R_09,12/2009,R_09,55,2010,03
WV,1808350,R_09,1808350,R_09,1808350,R_09,97,R_09,76,R_09,7,R_09,95.9,R_09,350.99,R_09,290.9,R_09,641.89,R_09,22374012,R_09,9139901,R_09,234753,R_09,2910811,R_09,34659477,R_09,15802109,R_09,4804880,R_09,20606989,R_09,3552403,R_09,436010,R_09,839596,R_09,4828009,R_09,6209550,R_09,31644548,R_09,3223747,R_09,1379107,R_09,200405,R_09,953979,R_09,5757238,R_09,2458644,R_09,5212807,R_09,10087,R_09,216782,R_09,252890,R_09,255,R_09,1358,R_09,0,R_09,1613,R_09,7322,R_09,44,R_09,384618,R_09,6081791,R_09,862826,R_09,792829,R_09,7731735,R_09,2492819,IF09,99273,R_09,105212,R_09,19786,R_09,13303,R_09,1029,R_09,409537,R_09,294029,R_09,19292,R_09,1280,R_09,1608829,R_09,07/2008,R_09,06/2009,R_09,54,2010,05
WY,532668,R_09,532668,R_09,532668,R_09,23,R_09,53,R_09,2,R_09,48.05,R_09,179.27,R_09,272.12,R_09,451.39,R_09,29909464,R_09,15361,R_09,37023,R_09,1599685,R_09,31561533,R_09,16069733,R_09,5521341,R_09,21591074,R_09,2031489,R_09,209591,R_09,667292,R_09,2908372,R_09,5623586,R_09,30123032,R_09,1862611,R_09,0,R_09,0,R_09,48238,R_09,1910849,R_09,788160,R_09,2484239,R_09,437,R_09,240956,R_09,137648,R_09,68,R_09,920,R_09,30,R_09,1018,R_09,5208,R_09,8,R_09,132305,R_09,3756294,R_09,646392,R_09,356323,R_09,5058654,R_09,1720333,R_09,54034,R_09,51277,R_09,13462,R_09,10104,R_09,1233,R_09,333857,R_09,274144,R_09,26801,R_09,754,R_09,944682,R_09,07/2008,R_09,06/2009,R_09,56,2010,07
