STABR,POPU_LSA,F_POPLSA,POPU_UND,F_POPUND,POPU_ST,F_POPST,CENTLIB,F_CENLIB,BRANLIB,F_BRLIB,BKMOB,F_BKMOB,MASTER,F_MASTER,LIBRARIA,F_LIBRAR,OTHPAID,F_OTHSTF,TOTSTAFF,F_TOTSTF,LOCGVT,F_LOCGVT,STGVT,F_STGVT,FEDGVT,F_FEDGVT,OTHINCM,F_OTHINC,TOTINCM,F_TOTINC,SALARIES,F_SALX,BENEFIT,F_BENX,STAFFEXP,F_TOSTFX,PRMATEXP,F_PRMATX,ELMATEXP,F_ELMATX,OTHMATEX,F_OTMATX,TOTEXPCO,F_TOCOLX,OTHOPEXP,F_OTHOPX,TOTOPEXP,F_TOTOPX,LCAP_REV,F_LCAPRV,SCAP_REV,F_SCAPRV,FCAP_REV,F_FCAPRV,OCAP_REV,F_OCAPRV,CAP_REV,F_TCAPRV,CAPITAL,F_TCAPX,BKVOL,F_BKVOL,EBOOK,F_EBOOK,AUDIO_PH,F_AUD_PH,AUDIO_DL,F_AUD_DL,VIDEO_PH,F_VID_PH,VIDEO_DL,F_VID_DL,DB_LOC,F_DB_LOC,DB_ST,F_DB_ST,DB_OTH,F_DB_OTH,DATABASE,F_DBASE,SUBSCRIP,F_PRSUB,HRS_OPEN,F_HRS_OP,VISITS,F_VISITS,REFERENC,F_REFER,REGBOR,F_REGBOR,TOTCIR,F_TOTCIR,KIDCIRCL,F_KIDCIR,LOANTO,F_LOANTO,LOANFM,F_LOANFM,TOTPRO,F_TOTPRO,KIDPRO,F_KIDPRO,YAPRO,F_YAPRO,TOTATTEN,F_TOTATT,KIDATTEN,F_KIDATT,YAATTEN,F_YAATT,GPTERMS,F_GPTERM,PITUSR,F_PITUSR,STARTDAT,F_STDAT,ENDDATE,F_ENDDAT,FIPSST,YR_SUB,OBEREG
AK,722190,R_11,722190,R_11,722190,R_11,87,R_11,16,R_11,1,R_11,59.95,R_11,117.36,R_11,188.33,R_11,305.69,R_11,29868376,R_11,725506,R_11,844890,R_11,1885591,R_11,33324363,R_11,13755491,R_11,8173541,R_11,21929032,R_11,2308612,R_11,272640,R_11,676251,R_11,3257503,R_11,6683305,R_11,31869840,R_11,7382471,R_11,12161855,R_11,14920831,R_11,1538819,R_11,36003976,R_11,16081828,R_11,2405430,R_11,118180,R_11,124412,R_11,99855,R_11,241562,R_11,26,R_11,89,R_11,4263,R_11,431,R_11,4783,R_11,5953,R_11,151634,R_11,3389114,R_11,428497,R_11,428885,R_11,4655243,R_11,1706560,IF11,23521,R_11,22547,R_11,10700,R_11,7926,R_11,1031,R_11,224292,R_11,172922,R_11,11664,R_11,630,R_11,934931,R_11,01/2010,R_11,06/2011,R_11,02,2012,08
AL,4708708,R_11,4708708,R_11,4708708,R_11,215,R_11,78,R_11,13,R_11,305.69,R_11,739.08,R_11,1010.74,R_11,1749.82,R_11,80546700,R_11,3954737,R_11,1594078,R_11,8977036,R_11,95072551,R_11,50172755,R_11,13049789,R_11,63222544,R_11,6731516,R_11,1002632,R_11,2466075,IF11,10200223,IF11,20040726,R_11,93463493,IF11,2889008,R_11,40751,R_11,335114,R_11,660174,R_11,3925047,R_11,4414617,R_11,9808220,R_11,630586,IF11,466625,R_11,103432,R_11,552759,R_11,4086,IF11,755,R_11,15102,R_11,191,R_11,16048,R_11,9966,IF11,609906,R_11,17270708,IF11,4413533,IF11,2533543,R_11,20481392,R_11,6200051,R_11,269335,IF11,283799,IF11,36085,IF11,17433,IF11,2439,U_11,970819,IF11,521023,IF11,54545,U_11,5247,IF11,4304965,IF11,10/2010,R_11,09/2011,R_11,01,2012,05
AR,2791492,R_11,2643928,R_11,2915918,R_11,55,R_11,166,R_11,1,R_11,128.59,IF11,329.73,IF11,711.7,IF11,1041.43,IF11,59264054,IF11,4655820,IF11,0,IF11,4254359,IF11,68174233,IF11,30732565,IF11,8513022,IF11,39245587,IF11,6451707,IF11,1538082,IF11,1670656,IF11,9660445,IF11,15949974,IF11,64856006,IF11,10666349,IF11,171456,IF11,242641,IF11,915262,IF11,11995708,IF11,3418294,IF11,6670873,IF11,89501,IF11,235375,IF11,44981,IF11,350388,IF11,1084,IF11,504,IF11,4378,IF11,368,IF11,5250,IF11,9520,IF11,411778,IF11,10924438,IF11,2258730,IF11,1592029,IF11,14984402,IF11,3567348,IF11,55552,IF11,42914,IF11,34933,IF11,25152,IF11,2310,U_11,801084,IF11,609354,IF11,42178,U_11,2419,IF11,3483834,IF11,01/2011,R_11,12/2011,R_11,05,2012,05
AZ,6452095,R_11,6436867,R_11,6456480,R_11,88,R_11,134,R_11,10,R_11,478.12,IF11,611.6,IF11,1512.45,IF11,2124.05,IF11,168330298,IF11,902598,IF11,1403656,IF11,6741084,IF11,177377636,IF11,78729809,IF11,26395799,IF11,105125608,IF11,14727495,IF11,3884103,IF11,5075957,IF11,23687555,IF11,46252216,IF11,175065379,IF11,16985495,IF11,262170,IF11,745700,IF11,462924,IF11,18456289,IF11,22388226,IF11,9627887,IF11,767659,IF11,805263,IF11,660474,IF11,995448,IF11,23265,IF11,454,IF11,3813,R_11,733,IF11,5000,IF11,16265,IF11,472775,IF11,28171694,IF11,3828214,IF11,3992677,IF11,50666842,IF11,14590035,IF11,322836,IF11,399924,IF11,57300,IF11,33152,IF11,4952,U_11,1188011,IF11,874957,IF11,74642,U_11,4940,IF11,5876667,IF11,07/2010,R_11,06/2011,R_11,04,2012,06
CA,37510315,R_11,37333344,R_11,37333795,R_11,166,R_11,941,R_11,58,R_11,2916.89,IF11,3108.32,IF11,7549.57,IF11,10657.89,IF11,1169286394,IF11,27022478,IF11,6080802,IF11,77525728,IF11,1279915402,IF11,563575870,IF11,258120294,IF11,821696164,IF11,65345706,IF11,16877085,IF11,18389399,IF11,100612190,IF11,291589686,IF11,1213898040,IF11,161581813,IF11,11721522,IF11,1154431,IF11,24301124,IF11,198758890,IF11,139487591,IF11,70531405,IF11,793238,IF11,3684248,IF11,339935,IF11,4874843,IF11,10124,IF11,2322,IF11,164,IF11,1917,IF11,4403,IF11,101078,IF11,2174055,IF11,168112788,IF11,25917563,IF11,22531265,IF11,241035118,IF11,91357843,IF11,3633367,IF11,3589748,IF11,280702,IF11,181442,IF11,27679,U_11,8248754,IF11,6183763,IF11,435751,U_11,19952,IF11,34235334,IF11,07/2010,R_11,06/2011,R_11,06,2012,08
CO,5023908,R_11,4964938,R_11,5050870,R_11,99,R_11,151,R_11,14,R_11,602.8,IF11,846.9,IF11,2039.8,IF11,2886.7,IF11,246823143,IF11,103321,IF11,1680060,IF11,15431897,IF11,264038421,IF11,116275958,IF11,31916605,IF11,148192563,IF11,16428587,IF11,5372966,IF11,9687532,IF11,31489085,IF11,59394634,IF11,239076282,IF11,13299171,IF11,473278,IF11,1183710,IF11,1921774,IF11,16877933,IF11,29524287,IF11,11453784,IF11,289099,IF11,947713,IF11,217455,IF11,1204394,IF11,22328,IF11,902,IF11,685,IF11,140,IF11,1727,IF11,21720,IF11,590847,IF11,32540638,IF11,4904075,IF11,2761633,IF11,64768425,IF11,21178262,IF11,708250,IF11,683228,IF11,89827,IF11,55678,IF11,6941,U_11,2088651,IF11,1488966,IF11,104103,U_11,5341,IF11,7052702,IF11,01/2011,R_11,12/2011,R_11,08,2012,07
CT,4365333,R_11,3574097,R_11,3574097,R_11,194,R_11,46,R_11,5,R_11,746.76,IF11,1056.95,IF11,1296.75,IF11,2353.7,IF11,165149797,IF11,1896167,IF11,486041,IF11,23282309,IF11,190814314,IF11,111749440,IF11,31059428,IF11,142808868,IF11,13588385,IF11,2863203,IF11,3235435,IF11,19687023,IF11,35310496,IF11,197806387,IF11,4090095,IF11,791010,IF11,231994,IF11,1353375,IF11,6466474,IF11,9192310,IF11,15486123,IF11,199189,IF11,826133,IF11,231032,IF11,1078813,IF11,1642,IF11,1141,IF11,5117,IF11,223,IF11,6481,IF11,26000,IF11,545967,IF11,24400545,IF11,3936720,IF11,1833229,IF11,34525364,IF11,11813875,IF11,895932,IF11,872361,IF11,86943,IF11,53705,IF11,6361,U_11,1848820,IF11,1185462,IF11,92354,U_11,4220,IF11,5344964,IF11,07/2010,R_11,06/2011,R_11,09,2012,01
DC,617996,R_11,617996,R_11,617996,R_11,1,R_11,23,R_11,0,R_11,116,R_11,116,R_11,286.2,R_11,402.2,R_11,35088779,R_11,0,R_11,1898030,R_11,527835,R_11,37514644,R_11,19454162,R_11,4172370,R_11,23626532,R_11,2045000,R_11,885134,R_11,926450,R_11,3856584,R_11,9858001,R_11,37341117,R_11,15812532,R_11,0,R_11,0,R_11,0,R_11,15812532,R_11,39280688,R_11,1465874,R_11,15316,R_11,86810,R_11,8235,R_11,130237,R_11,2463,R_11,51,R_11,0,R_11,0,R_11,51,R_11,2660,R_11,62712,R_11,2642586,IA11,866082,IA11,329313,R_11,3059432,R_11,889477,R_11,6,R_11,103,R_11,8833,R_11,4122,R_11,824,R_11,228825,R_11,177050,R_11,14907,R_11,825,R_11,940418,R_11,10/2010,R_11,09/2011,R_11,11,2012,02
DE,897934,R_11,897934,R_11,897934,R_11,19,R_11,13,R_11,2,R_11,57.27,R_11,130.01,R_11,194.64,R_11,324.65,R_11,19813232,R_11,4092760,R_11,6752,R_11,1625555,R_11,25538299,R_11,11613370,R_11,3868457,R_11,15481827,R_11,1941933,R_11,611716,R_11,448068,R_11,3001717,R_11,5919403,R_11,24402947,R_11,8578324,R_11,2202257,R_11,1957,R_11,235809,R_11,11018347,R_11,2367302,R_11,1656528,R_11,4383,IF11,115620,R_11,0,R_11,155226,R_11,0,R_11,8,R_11,735,R_11,2,R_11,745,R_11,7448,R_11,82289,R_11,4421366,R_11,428284,IF11,413162,R_11,5350935,R_11,1619253,R_11,408615,R_11,430394,R_11,9468,R_11,5407,R_11,668,R_11,204460,R_11,146136,R_11,7875,R_11,599,R_11,715045,R_11,07/2010,R_11,06/2011,R_11,10,2012,02
FL,19131441,R_11,18873002,R_11,18905048,R_11,57,R_11,464,R_11,27,R_11,1741.83,IF11,2037.83,IF11,4311.17,IF11,6349,IF11,474669471,IF11,21692128,IF11,2508842,IF11,20765050,IF11,519635491,IF11,238398163,IF11,85571198,IF11,323969361,IF11,38617528,IF11,9593745,IF11,9729422,IF11,57940695,IF11,150086333,IF11,531996389,IF11,31424958,IF11,1077613,IF11,574808,IF11,2506880,IF11,35584259,IF11,35219030,IF11,32482807,IF11,1088163,IF11,2096542,IF11,769981,IF11,3272630,IF11,19496,IF11,1234,R_11,7392,R_11,73,R_11,8699,R_11,58568,IF11,1267644,IF11,84732946,IF11,32650873,IF11,11058702,IF11,127448487,IF11,36815908,IF11,137878,IF11,159581,IF11,185578,IF11,91783,IF11,14432,R_11,4252062,IF11,2568102,IF11,245096,U_11,15546,IF11,20536397,IF11,10/2010,R_11,09/2011,R_11,12,2012,05
GA,10263024,R_11,10263024,R_11,10263024,R_11,61,R_11,339,R_11,19,R_11,679.44,R_11,679.44,R_11,2373.85,R_11,3053.29,R_11,151549502,R_11,28815342,R_11,264142,R_11,9761058,R_11,190390044,R_11,99709102,R_11,34651813,R_11,134360915,R_11,14232756,R_11,2236096,R_11,2934178,R_11,19403030,R_11,38409705,R_11,192173650,R_11,8910124,R_11,11818634,R_11,54387,R_11,1694336,R_11,22477481,R_11,20733133,R_11,16660274,R_11,129357,R_11,637802,R_11,239372,R_11,896355,R_11,1739,R_11,1597,R_11,5429,R_11,21,R_11,7047,R_11,24630,R_11,861448,R_11,34613811,R_11,10075159,IF11,4519987,R_11,45725693,R_11,17778612,R_11,724128,R_11,722574,R_11,60552,R_11,39962,R_11,4024,R_11,1814206,R_11,1457320,R_11,104564,R_11,7266,R_11,13346580,IF11,07/2010,R_11,06/2011,R_11,13,2012,05
GU,159358,R_11,159358,R_11,159358,R_11,1,R_11,5,R_11,1,R_11,0,R_11,0,R_11,25,R_11,25,R_11,1173458,R_11,0,R_11,0,R_11,27406,R_11,1200864,R_11,764871,R_11,214524,R_11,979395,R_11,26639,R_11,47444,R_11,489,R_11,74572,R_11,128872,R_11,1182839,R_11,0,R_11,0,R_11,153391,R_11,0,R_11,153391,R_11,0,R_11,255277,R_11,0,R_11,6169,R_11,0,R_11,3065,R_11,0,R_11,2,R_11,0,R_11,0,R_11,2,R_11,6,R_11,5590,R_11,80016,R_11,26342,R_11,55252,R_11,28085,R_11,27557,R_11,0,R_11,0,R_11,200,R_11,173,R_11,27,R_11,5407,R_11,4440,R_11,967,R_11,71,R_11,30817,R_11,10/2010,R_11,09/2011,R_11,66,2012,09
HI,1363621,R_11,1363621,R_11,1363621,R_11,1,R_11,49,R_11,3,R_11,172,R_11,173,R_11,382.55,R_11,555.55,R_11,0,R_11,28273220,R_11,715840,R_11,2769501,R_11,31758561,R_11,21505478,R_11,144984,R_11,21650462,R_11,2040017,R_11,652328,R_11,47628,R_11,2739973,R_11,8314342,R_11,32704777,R_11,0,R_11,10345000,R_11,0,R_11,0,R_11,10345000,R_11,6976567,R_11,3375062,R_11,9141,R_11,260408,R_11,5141,R_11,141225,R_11,0,R_11,0,R_11,70,R_11,0,R_11,70,R_11,3224,R_11,91596,R_11,4869095,R_11,730284,R_11,952292,R_11,6961097,R_11,2646716,R_11,351,R_11,49,R_11,8761,R_11,5772,R_11,1928,R_11,239355,R_11,163373,R_11,42038,R_11,348,R_11,502212,R_11,07/2010,R_11,06/2011,R_11,15,2012,08
IA,3035424,R_11,3022831,R_11,3046355,R_11,542,R_11,22,R_11,3,R_11,265.84,IF11,962.93,IF11,721.88,IF11,1684.81,IF11,99594379,IF11,2330751,IF11,158481,IF11,9873022,IF11,111956633,IF11,56309977,IF11,16824225,IF11,73134202,IF11,9619344,IF11,1175969,IF11,3139585,IF11,13934898,IF11,20649695,IF11,107718795,IF11,15743151,IF11,1743319,IF11,388588,IF11,4408049,IF11,22283107,IF11,16459215,IF11,12268368,IF11,297982,IF11,684516,IF11,310520,IF11,815889,IF11,5516,IF11,847,IF11,9384,R_11,308,IF11,10539,IF11,34136,IF11,990222,IF11,19965363,IF11,1805651,IF11,2103856,IF11,29586584,IF11,9936088,IF11,443129,IF11,440316,IF11,67283,IF11,48363,IF11,4991,U_11,1468667,IF11,1203238,IF11,68521,U_11,4323,IF11,4055655,IF11,07/2010,R_11,06/2011,R_11,19,2012,04
ID,1385426,R_11,1385426,R_11,1584985,R_11,101,R_11,42,R_11,11,R_11,85.72,IF11,209.19,IF11,532.47,IF11,741.66,IF11,42145556,IF11,995435,IF11,223272,IF11,3676005,IF11,47040268,IF11,21948621,IF11,6830229,IF11,28778850,IF11,3840252,IF11,456406,IF11,642315,IF11,4938973,IF11,9816578,IF11,43534401,IF11,1750296,IF11,6715,IF11,177495,IF11,119490,IF11,2053996,IF11,3461679,IF11,4369651,IF11,25381,IF11,228335,IF11,39418,IF11,274179,IF11,65,IF11,203,IF11,5202,IF11,41,IF11,5446,IF11,6582,IF11,270035,IF11,8891934,IF11,1222500,IF11,823108,IF11,15053302,IF11,6366256,IF11,99486,IF11,96931,IF11,24210,IF11,17686,IF11,2021,U_11,634576,IF11,529104,IF11,40548,U_11,1631,IF11,1868329,IF11,10/2010,R_11,09/2011,R_11,16,2012,07
IL,11708975,R_11,11708975,R_11,12830632,R_11,626,R_11,161,R_11,23,R_11,2096.4,IF11,3180.9,IF11,5578.05,IF11,8758.95,IF11,689891428,IF11,30237835,IF11,3449604,IF11,38986057,IF11,762564924,IF11,359030086,IF11,85308196,IF11,444338282,IF11,61485774,IF11,14829859,IF11,14415119,IF11,90730752,IF11,158828651,IF11,693897685,IF11,49738645,IF11,753007,IF11,98169,IF11,4592109,IF11,55181930,IF11,102731180,IF11,44137446,IF11,849606,IF11,3225175,IF11,1079963,IF11,2920568,IF11,422268,IF11,4539,IF11,13746,R_11,2442,IF11,20727,IF11,97811,IF11,1930799,IF11,83234090,IF11,13678964,IF11,5032248,IF11,121828806,IF11,47613842,IF11,5556630,IF11,5662211,IF11,185822,IF11,119644,IF11,14919,U_11,4290060,IF11,3110625,IF11,293799,U_11,12748,IF11,16571765,IF11,10/2009,R_11,06/2011,R_11,17,2012,03
IN,5814664,R_11,5693082,R_11,6080485,R_11,238,R_11,195,R_11,26,R_11,913.22,R_11,1437.06,R_11,3018.89,R_11,4455.95,R_11,277168078,R_11,19313237,R_11,980233,R_11,16090619,R_11,313552167,R_11,138617351,R_11,42171590,R_11,180788941,R_11,26453404,R_11,7145165,R_11,9024617,R_11,42623186,R_11,67263610,R_11,290675737,R_11,28395390,R_11,1875314,R_11,187754,R_11,1047159,R_11,31505617,R_11,29940182,R_11,24342115,R_11,247565,R_11,1632744,R_11,121246,IF11,2013037,R_11,1271,IF11,1270,R_11,13746,R_11,739,R_11,15755,R_11,50001,R_11,1091406,R_11,38424569,IF11,5910955,IF11,3965013,R_11,77449759,R_11,23293676,R_11,385659,R_11,384456,R_11,134328,R_11,82346,R_11,9266,R_11,3117856,R_11,1993766,R_11,118793,R_11,9453,R_11,8375058,IF11,01/2011,R_11,12/2011,R_11,18,2012,03
KS,2448177,R_11,2448177,R_11,2853118,R_11,328,R_11,48,R_11,3,R_11,257.24,R_11,673.94,R_11,1097.83,R_11,1771.77,R_11,97443348,R_11,3598804,R_11,215722,R_11,10458625,R_11,111716499,R_11,54646092,IF11,15260894,IF11,69906986,R_11,7589297,R_11,1619837,R_11,2659704,R_11,11868838,R_11,23185166,R_11,104960990,R_11,2780627,R_11,0,R_11,0,R_11,1648471,R_11,4429098,R_11,2667506,IF11,9629194,R_11,18241,IF11,484622,R_11,9076,IF11,741739,R_11,1182,IF11,277,R_11,6888,R_11,91,IF11,7256,IF11,18710,R_11,686923,R_11,15185918,R_11,2108394,IF11,1754481,IF11,26951701,R_11,9858491,R_11,789044,IF11,804360,R_11,46061,R_11,30667,R_11,4477,R_11,1003342,IF11,763959,R_11,62162,R_11,3540,R_11,4302763,IF11,01/2011,R_11,12/2011,R_11,20,2012,04
KY,4339367,R_11,4339367,R_11,4339367,R_11,118,R_11,84,R_11,77,R_11,329.05,R_11,1092.31,R_11,1025.56,R_11,2117.87,R_11,152789035,R_11,6155778,R_11,1034369,R_11,9730052,R_11,169709234,R_11,57689191,R_11,20614952,R_11,78304143,R_11,10866142,R_11,973223,R_11,3914028,R_11,15753393,R_11,29809373,R_11,123866909,R_11,7166701,R_11,268500,R_11,12099654,R_11,14352586,R_11,33887441,R_11,18520650,R_11,8953129,R_11,342160,R_11,495581,R_11,309196,R_11,644967,R_11,27603,R_11,1077,R_11,3638,R_11,79,R_11,4794,R_11,23100,R_11,633546,R_11,19828028,IF11,3497429,IF11,2469386,R_11,30133957,R_11,9904708,R_11,55429,R_11,85274,R_11,73142,R_11,50616,R_11,5326,R_11,1622439,R_11,1226340,R_11,89498,R_11,4127,R_11,4980681,R_11,07/2010,R_11,06/2011,R_11,21,2012,05
LA,4597547,R_11,4574836,R_11,4574836,R_11,68,R_11,273,R_11,29,R_11,386.47,R_11,932.73,R_11,1502.41,R_11,2435.14,R_11,183558399,R_11,5726523,R_11,448781,R_11,7141583,R_11,196875286,R_11,76355210,IF11,25631138,IF11,101986348,R_11,12793938,R_11,2960470,R_11,3987550,R_11,19741958,R_11,52181317,R_11,173909623,R_11,22165561,R_11,505912,R_11,27500,R_11,3354550,R_11,26053523,R_11,20596051,R_11,11875522,R_11,141861,R_11,383878,R_11,99976,R_11,786353,R_11,9932,R_11,570,R_11,4284,R_11,0,R_11,4854,R_11,37721,R_11,778911,R_11,16370050,R_11,4012317,R_11,2692740,R_11,20268295,R_11,5034427,R_11,113315,R_11,119795,R_11,51536,R_11,30391,R_11,6194,R_11,1222718,R_11,829453,R_11,102294,R_11,4911,R_11,6667512,R_11,01/2011,R_11,12/2011,R_11,22,2012,05
MA,6591875,R_11,6547280,R_11,6547629,R_11,370,R_11,94,R_11,4,R_11,1148.05,IF11,1697.42,IF11,1835.79,IF11,3533.21,IF11,229608803,IF11,6596030,IF11,682427,IF11,22791302,IF11,259678562,IF11,166702059,IF11,27968199,IF11,194670258,IF11,22620835,IF11,3555246,IF11,6555717,IF11,32731798,IF11,45456121,IF11,272858177,IF11,16551642,IF11,7488693,IF11,172531,IF11,6891406,IF11,31104272,IF11,15393163,IF11,32639707,IF11,1240181,IF11,1421795,IF11,765748,IF11,1720046,IF11,28505,IF11,2083,IF11,11016,IF11,1817,IF11,14916,IF11,47841,IF11,900541,IF11,41709744,IF11,5341592,IF11,3462505,IF11,64837582,IF11,20901330,IF11,6513501,IF11,6493160,IF11,108048,IF11,65408,IF11,8533,R_11,2240020,IF11,1555289,IF11,107172,R_11,5922,IF11,8059967,IF11,07/2010,R_11,06/2011,R_11,25,2012,01
MD,5633597,R_11,5633597,R_11,5633597,R_11,14,R_11,171,R_11,18,R_11,631.06,R_11,1264.05,R_11,2040.19,R_11,3304.24,R_11,179064423,R_11,46765809,R_11,1129120,R_11,27545268,R_11,254504620,R_11,131375515,R_11,49145874,R_11,180521389,R_11,18830951,R_11,4442726,R_11,6730134,R_11,30003811,R_11,43095350,R_11,253620550,R_11,45046427,R_11,5967287,R_11,803300,R_11,236900,R_11,52053914,R_11,24125865,IF11,12952726,R_11,293274,R_11,1019103,R_11,388607,R_11,1130245,R_11,4170,IF11,397,R_11,216,R_11,298,R_11,911,R_11,27584,R_11,475135,R_11,30552823,IF11,8093682,R_11,3364434,R_11,57740428,R_11,21833293,R_11,192679,R_11,215616,R_11,54475,R_11,36445,R_11,5461,R_11,1509428,R_11,1187049,R_11,120703,R_11,4413,R_11,6381055,R_11,07/2010,R_11,06/2011,R_11,24,2012,02
ME,1345012,R_11,1242351,R_11,1328361,R_11,266,R_11,6,R_11,0,R_11,153.96,IF11,341.81,IF11,330.65,IF11,672.46,IF11,30555477,IF11,363837,IF11,45658,IF11,9829290,IF11,40794262,IF11,22635654,IF11,5624099,IF11,28259753,IF11,3204454,IF11,184319,IF11,651754,IF11,4040527,IF11,8422472,IF11,40722752,IF11,1002684,IF11,492,IF11,417068,IF11,1992443,IF11,3412687,IF11,4548634,IF11,6294045,IF11,346974,IF11,230837,IF11,262580,IF11,327531,IF11,2,IF11,208,IF11,0,R_11,17423,R_11,17631,IF11,9648,IF11,388918,IF11,7079003,IF11,652743,IF11,763590,IF11,9720526,IF11,3239147,IF11,482961,IF11,518355,IF11,34137,IF11,21897,IF11,1997,U_11,540986,IF11,344484,IF11,22097,U_11,1850,IF11,1319383,IF11,04/2010,R_11,12/2011,R_11,23,2012,01
MI,9916570,R_11,9815389,R_11,9883640,R_11,386,R_11,266,R_11,10,R_11,1263.02,IF11,1843.27,IF11,3123.51,IF11,4966.78,IF11,386992912,IF11,7782753,IF11,521182,IF11,22220409,IF11,417517256,IF11,183876171,IF11,66841411,IF11,250717582,IF11,28400652,IF11,4643233,IF11,10075399,IF11,43119284,IF11,100352826,IF11,394189692,IF11,5923198,IF11,54927,IF11,658605,IF11,1597160,IF11,8233890,IF11,22011825,IF11,34097903,IF11,624873,IF11,1881722,IF11,444741,IF11,2177777,IF11,3876,IF11,1176,IF11,11009,IF11,592,IF11,12777,IF11,67383,IF11,1453797,IF11,58310459,IF11,9620097,IF11,5193812,IF11,89907292,IF11,29467740,IF11,3146516,IF11,3225842,IF11,113375,IF11,61637,IF11,9386,U_11,2776360,IF11,1737805,IF11,161772,U_11,11319,IF11,13445211,IF11,12/2009,R_11,09/2011,R_11,26,2012,03
MN,5792542,R_11,5303925,R_11,5303925,R_11,128,R_11,230,R_11,9,R_11,497.39,R_11,760.58,R_11,1422.31,R_11,2182.89,R_11,176836675,R_11,9501192,R_11,394857,R_11,19809100,R_11,206541824,R_11,95413608,R_11,33550176,R_11,128963784,R_11,15477749,IF11,3493303,R_11,4301842,IF11,23272894,R_11,45783348,R_11,198020026,R_11,13378554,R_11,220205,R_11,259780,R_11,2824438,R_11,16682977,R_11,26732101,R_11,15457078,R_11,2388505,R_11,906078,R_11,242446,IF11,913829,R_11,1028,IF11,408,R_11,5985,R_11,631,R_11,7024,R_11,32583,R_11,713458,R_11,27494785,IF11,3857512,IF11,4220387,IF11,58845096,R_11,22885868,IF11,1266509,IF11,1224170,IF11,49245,R_11,31372,R_11,4547,R_11,1226748,R_11,866850,R_11,70797,R_11,5857,R_11,6896039,IF11,01/2011,R_11,12/2011,R_11,27,2012,04
MO,5477565,R_11,5477565,R_11,5988927,R_11,140,R_11,223,R_11,26,R_11,231.69,R_11,724.12,R_11,2461.74,R_11,3185.86,R_11,203847213,R_11,4169314,R_11,2351654,R_11,15162895,R_11,225531076,R_11,98572536,IF11,27498907,IF11,126071443,IF11,19343596,IF11,6056298,IF11,7269850,IF11,32669744,R_11,44413923,R_11,203155110,IF11,2799262,R_11,27380,R_11,5602,R_11,1131461,R_11,3963705,R_11,16190773,R_11,17068855,R_11,219013,R_11,935055,IF11,47171,IF11,956361,IF11,503,R_11,1390,R_11,1608,R_11,120,R_11,3118,R_11,44320,IF11,910094,R_11,31338862,IF11,5634279,IF11,3351194,IF11,54352593,IF11,19756295,IF11,343743,R_11,380233,R_11,75948,IF11,40845,IF11,5385,U_11,1719726,IF11,1229198,IF11,97871,U_11,4768,R_11,6773623,IF11,10/2009,R_11,12/2011,R_11,29,2012,04
MP,53883,R_11,53883,R_11,53883,R_11,1,R_11,1,R_11,0,R_11,-1,U_11,-1,U_11,-1,U_11,-1,U_11,-1,U_11,-1,U_11,-1,U_11,-1,U_11,-1,U_11,-1,U_11,-1,U_11,-1,U_11,-1,U_11,-1,U_11,-1,U_11,-1,U_11,-1,U_11,-1,U_11,-1,U_11,-1,U_11,-1,U_11,-1,U_11,-1,U_11,-1,U_11,-1,U_11,-1,U_11,-1,U_11,-1,U_11,-1,U_11,-1,U_11,-1,U_11,-1,U_11,-1,U_11,-1,U_11,-1,U_11,-1,U_11,-1,U_11,-1,U_11,-1,U_11,-1,U_11,-1,U_11,-1,U_11,-1,U_11,-1,U_11,-1,U_11,-1,U_11,-1,U_11,-1,U_11,-1,U_11,-1,U_11,-1,U_11,10/2010,R_11,09/2011,R_11,69,2012,09
MS,2985340,R_11,2967297,R_11,2967297,R_11,47,R_11,189,R_11,1,R_11,122,R_11,566,R_11,577,R_11,1143,R_11,34205601,R_11,8611207,R_11,791926,R_11,5690673,R_11,49299407,R_11,23669524,R_11,7896453,R_11,31565977,R_11,3077315,R_11,480090,R_11,646829,R_11,4204234,R_11,10745624,R_11,46515835,R_11,101178,R_11,231633,R_11,1911556,R_11,282721,R_11,2527088,R_11,2299205,R_11,5697599,R_11,43553,R_11,224418,R_11,1457,R_11,300580,R_11,296,R_11,256,R_11,2450,R_11,29,R_11,2735,R_11,8218,R_11,450383,R_11,10078558,R_11,1712584,R_11,1443015,R_11,8655394,R_11,2243541,R_11,20204,R_11,23376,R_11,23096,R_11,13436,R_11,1872,R_11,620170,R_11,394600,R_11,38799,R_11,2534,R_11,2727611,R_11,10/2010,R_11,09/2011,R_11,28,2012,05
MT,994226,R_11,988533,R_11,988533,R_11,81,R_11,30,R_11,2,R_11,58.07,R_11,190.18,R_11,161.98,R_11,352.16,R_11,22182095,R_11,454055,R_11,247348,R_11,1672475,R_11,24555973,R_11,11772897,R_11,3591571,R_11,15364468,R_11,1879984,R_11,364152,R_11,458971,R_11,2703107,R_11,4512547,R_11,22580122,R_11,214014,R_11,15852,R_11,0,R_11,229272,R_11,459138,R_11,1015322,R_11,2781359,R_11,420504,R_11,120296,R_11,188211,R_11,161407,R_11,0,R_11,104,R_11,4332,R_11,42,R_11,4478,R_11,4804,R_11,217577,R_11,4599660,R_11,465036,R_11,467303,R_11,7519019,R_11,2103102,IF11,193424,IF11,192815,IF11,12851,R_11,8776,R_11,1121,R_11,268480,R_11,171773,R_11,23128,R_11,1145,R_11,1361776,R_11,07/2010,R_11,06/2011,R_11,30,2012,07
NC,9586227,R_11,9586227,R_11,9586227,R_11,66,R_11,319,R_11,27,R_11,660.22,R_11,710.11,R_11,2126.03,R_11,2836.14,R_11,171078094,R_11,15876985,R_11,1436147,R_11,11182470,R_11,199573696,R_11,100537823,R_11,33765095,R_11,134302918,R_11,15381316,R_11,1983363,R_11,2841377,R_11,20206056,R_11,36540822,R_11,191049796,R_11,3059030,R_11,0,R_11,21765,R_11,1394448,R_11,4475243,R_11,15055991,R_11,16620298,R_11,375991,IF11,743126,R_11,175449,R_11,756926,R_11,8938,R_11,438,R_11,4312,R_11,79,R_11,4829,R_11,27927,R_11,912872,R_11,41600759,R_11,11853434,IF11,5504238,R_11,54651518,R_11,20437151,R_11,39297,IF11,58738,IF11,99198,R_11,69632,R_11,6822,R_11,2374817,R_11,1859739,R_11,140870,R_11,6833,R_11,9669142,R_11,07/2010,R_11,06/2011,R_11,37,2012,05
ND,605943,R_11,605943,R_11,683932,R_11,81,R_11,10,R_11,11,R_11,40.1,R_11,120.98,R_11,105.09,R_11,226.07,R_11,13241179,R_11,1025601,R_11,23302,R_11,1522194,R_11,15812276,R_11,7076646,R_11,1930875,R_11,9007521,R_11,1636060,R_11,313239,R_11,340136,R_11,2289435,R_11,3377846,R_11,14674802,R_11,190459,R_11,5225,R_11,0,R_11,63492,R_11,259176,R_11,496819,R_11,2420597,R_11,119002,R_11,92408,R_11,39181,R_11,112684,R_11,5027,R_11,66,R_11,2214,R_11,1507,R_11,3787,R_11,3994,R_11,139302,IF11,2364311,IF11,361528,IF11,281064,R_11,4022316,IF11,1739393,IF11,54477,R_11,56566,R_11,7282,R_11,4509,R_11,944,R_11,152969,R_11,104823,R_11,12290,R_11,628,R_11,535724,IF11,01/2011,R_11,12/2011,R_11,38,2012,04
NE,1455023,R_11,1455023,R_11,1826341,R_11,268,R_11,18,R_11,7,R_11,108.27,IF11,349.41,IF11,458.9,IF11,808.31,IF11,46878652,IF11,508149,IF11,880321,IF11,3188316,IF11,51455438,IF11,24829355,IF11,7490016,IF11,32319371,IF11,4786473,IF11,1092195,IF11,925849,IF11,6804517,IF11,9279354,IF11,48403242,IF11,893982,IF11,5136,IF11,35625,IF11,767304,IF11,1702047,IF11,1836038,IF11,6103479,IF11,459127,IF11,245973,IF11,36880,IF11,316059,IF11,208,IF11,488,IF11,5360,IF11,78,IF11,5926,IF11,14749,IF11,440703,IF11,8758371,IF11,1015064,IF11,1036130,IF11,13949141,IF11,6063493,IF11,38497,IF11,42130,IF11,26025,IF11,18090,IF11,1994,U_11,651726,IF11,514413,IF11,41634,U_11,2441,IF11,2385210,IF11,01/2010,R_11,12/2011,R_11,31,2012,04
NH,1444037,R_11,1002752,R_11,1316470,R_11,230,R_11,5,R_11,0,R_11,206.52,IF11,460.69,IF11,355.66,IF11,816.35,IF11,49792820,IF11,46453,IF11,4120,IF11,3719451,IF11,53562844,IF11,30760861,IF11,9136426,IF11,39897287,IF11,4381206,IF11,709311,IF11,1011764,IF11,6102281,IF11,8250018,IF11,54249586,IF11,3406063,IF11,20491,IF11,193251,IF11,3311969,IF11,6931774,IF11,4678313,IF11,6012157,IF11,885130,IF11,265795,IF11,926700,IF11,374515,IF11,0,IF11,535,IF11,5264,IF11,138,IF11,5937,IF11,12271,IF11,389836,IF11,7917451,IF11,817141,IF11,787177,IF11,11545957,IF11,4334862,IF11,152638,IF11,156037,IF11,38562,IF11,24095,IF11,2371,U_11,654405,IF11,463761,IF11,22606,U_11,1382,IF11,1035967,IF11,07/2010,R_11,12/2011,R_11,33,2012,01
NJ,9289883,R_11,8708750,R_11,8791894,R_11,297,R_11,142,R_11,14,R_11,1423.62,IF11,1433.05,IF11,3421.58,IF11,4854.63,IF11,458244547,IF11,3981079,IF11,1303700,IF11,17926438,IF11,481455764,IF11,230952788,IF11,96242826,IF11,327195614,IF11,30956068,IF11,5078709,IF11,8559308,IF11,44594085,IF11,88417747,IF11,460207446,IF11,26802407,IF11,63215,IF11,35559,IF11,4148497,IF11,31049678,IF11,23703474,IF11,29112554,IF11,909614,IF11,1880132,IF11,-1,IA11,1856807,IF11,-1,IA11,2822,IF11,8910,R_11,812,IF11,12544,IF11,49136,IA11,1176798,IF11,49260931,IF11,8275565,IF11,4621437,IF11,62984264,IF11,24277831,IF11,2453807,IF11,2502637,IF11,159942,IF11,88993,IF11,10792,U_11,2965597,IF11,1808540,IF11,137846,U_11,7676,IF11,10767897,IF11,01/2011,R_11,12/2011,R_11,34,2012,02
NM,1609577,R_11,1609577,R_11,2065932,R_11,92,R_11,25,R_11,1,R_11,125.48,IF11,288.24,IF11,357.75,IF11,645.99,IF11,39374123,IF11,2208965,IF11,496907,IF11,2306180,IF11,44386175,IF11,20798266,IF11,7628264,IF11,28426530,IF11,4022284,IF11,775150,IF11,778470,IF11,5575904,IF11,9949818,IF11,43952252,IF11,2570382,IF11,1040384,IF11,115935,IF11,114767,IF11,3841468,IF11,4297212,IF11,4600113,IF11,17325,IF11,223587,IF11,32144,IF11,246314,IF11,1152,IF11,290,IF11,4772,IF11,38,IF11,5100,IF11,10452,IF11,252390,IF11,8012561,IF11,1128025,IF11,1132180,IF11,10061763,IF11,3489785,IF11,15822,IF11,21256,IF11,18945,IF11,11801,IF11,2885,U_11,443704,IF11,332119,IF11,37656,U_11,1435,IF11,1987240,IF11,07/2010,R_11,06/2011,R_11,35,2012,06
NV,2724634,R_11,2724634,R_11,2724634,R_11,19,R_11,69,R_11,3,R_11,177.98,R_11,230.73,R_11,691.54,R_11,922.27,R_11,72310753,R_11,18363203,R_11,1420309,R_11,4581094,R_11,96675359,R_11,40912006,R_11,14665519,R_11,55577525,R_11,6384942,R_11,1234170,R_11,2860626,R_11,10479738,R_11,13077342,R_11,79134605,R_11,180335,R_11,0,R_11,0,R_11,14867,R_11,195202,R_11,276348,R_11,4522526,R_11,136315,R_11,437891,R_11,38482,R_11,552508,R_11,1715,R_11,140,R_11,748,R_11,13,R_11,901,R_11,6580,R_11,166330,R_11,11096750,IF11,1859374,R_11,1273567,R_11,19407575,R_11,6281528,R_11,178805,R_11,128081,R_11,22156,R_11,14083,R_11,648,R_11,654806,R_11,469910,R_11,15388,R_11,1413,R_11,2328196,R_11,07/2010,R_11,06/2011,R_11,32,2012,08
NY,19130606,R_11,18976664,R_11,18976664,R_11,755,R_11,311,R_11,6,R_11,3364.71,R_11,4184.66,R_11,7865.72,R_11,12050.38,R_11,984016846,R_11,67891735,R_11,7826837,R_11,141197685,R_11,1200933103,R_11,575726495,R_11,223499294,R_11,799225789,R_11,71725280,R_11,11642672,R_11,13679722,R_11,97047674,R_11,203677643,R_11,1099951106,R_11,107602108,R_11,14545419,R_11,176560,R_11,31963408,R_11,154287495,R_11,183988028,R_11,71909164,R_11,2533051,R_11,4294514,R_11,1474993,R_11,4243240,R_11,48560,IF11,8674,IF11,6804,R_11,4412,IF11,19890,IF11,162099,R_11,2361944,IF11,115100696,IF11,27438233,IF11,9974665,R_11,163232274,R_11,51815130,R_11,7631753,IF11,7891392,IF11,406678,IF11,188578,IF11,48456,U_11,7686391,IF11,4002200,IF11,658218,U_11,17318,IF11,21903140,IF11,03/2010,R_11,12/2011,R_11,36,2012,02
OH,11539589,R_11,11445567,R_11,11445567,R_11,239,R_11,476,R_11,54,R_11,1908.35,R_11,2703.6,R_11,5944.27,R_11,8647.87,R_11,321844408,R_11,364129165,R_11,0,R_11,88667493,R_11,774641066,R_11,320248444,R_11,99835217,R_11,420083661,R_11,47174556,R_11,11959949,R_11,34371345,R_11,93505850,R_11,133670604,R_11,647260115,R_11,55500,R_11,107138,R_11,31465,R_11,9237916,R_11,9432019,R_11,33283804,R_11,44570058,R_11,6155509,IF11,3663696,R_11,3421589,IF11,4636852,R_11,188972,IF11,2483,R_11,76304,R_11,585,R_11,79372,R_11,139957,R_11,1768425,R_11,88241658,IF11,20118347,IF11,8825309,IF11,190127261,IF11,55220492,IF11,8642976,IF11,9194730,R_11,230134,IF11,144066,IF11,20546,U_11,5216552,R_11,3796462,R_11,363707,U_11,12400,R_11,20482153,IF11,01/2011,R_11,12/2011,R_11,39,2012,03
OK,3076121,R_11,3076121,R_11,3791508,R_11,117,R_11,91,R_11,2,R_11,251.67,R_11,639.48,R_11,703.49,R_11,1342.97,R_11,97503722,R_11,3024416,R_11,195064,R_11,5841556,R_11,106564758,R_11,48692580,R_11,15263097,R_11,63955677,R_11,10519297,R_11,1908742,R_11,2705227,R_11,15133266,R_11,20883725,R_11,99972668,R_11,2062058,R_11,51896,R_11,9302,R_11,12262552,R_11,14385808,R_11,11261637,R_11,7394194,R_11,71605,R_11,413979,R_11,23344,R_11,352957,R_11,838,R_11,432,R_11,4095,R_11,13,R_11,4540,R_11,8912,R_11,482846,R_11,13891408,R_11,2883608,R_11,1856412,R_11,22069415,R_11,7153561,R_11,38297,R_11,43830,R_11,34893,R_11,20299,R_11,3673,R_11,981615,R_11,722551,R_11,66282,R_11,2731,R_11,3915925,R_11,07/2010,R_11,06/2011,R_11,40,2012,06
OR,3642068,R_11,3642068,R_11,3837300,R_11,122,R_11,94,R_11,8,R_11,396.02,R_11,489.13,R_11,1283.38,R_11,1772.51,R_11,172974438,R_11,543365,R_11,764769,R_11,11409065,R_11,185691637,R_11,79571393,R_11,38907585,R_11,118478978,R_11,11776298,R_11,2149303,IF11,4830956,R_11,18756557,IF11,40805287,R_11,178040822,IF11,2881166,R_11,0,R_11,1100000,R_11,3899309,R_11,7880475,R_11,6338528,R_11,9914989,R_11,1202795,R_11,773951,R_11,743132,R_11,826664,R_11,108778,R_11,432,R_11,2921,R_11,782,R_11,4135,R_11,20085,R_11,427970,R_11,23750882,IF11,2713014,IF11,1991223,IF11,62476139,R_11,23842773,IF11,5258988,R_11,5140460,R_11,63497,R_11,43024,R_11,8344,U_11,1401620,IF11,1152419,IF11,59740,U_11,2843,R_11,4598777,IF11,07/2010,R_11,06/2011,R_11,41,2012,08
PA,12450859,R_11,12411451,R_11,12702379,R_11,451,R_11,183,R_11,28,R_11,1183.43,IF11,1577.41,IF11,3372.89,IF11,4950.3,IF11,206337195,IF11,59411234,IF11,3059344,IF11,55979684,IF11,324787457,IF11,152316151,IF11,54105073,IF11,206421224,IF11,24394623,IF11,5224468,IF11,9735032,IF11,39354123,IF11,72711172,IF11,318486519,IF11,5574411,IF11,3788462,IF11,322948,IF11,4580669,IF11,14266490,IF11,20446462,IF11,27362982,IF11,1555385,IF11,2705231,IF11,-1,IA11,1676493,IF11,-1,IA11,1542,IF11,8107,IF11,2432,IF11,12081,IF11,52054,IF11,1465644,IF11,47832086,IF11,8562296,IF11,5535840,IF11,68773654,IF11,25328509,IF11,3919284,IF11,3999248,IF11,180500,IF11,113545,IF11,13648,U_11,3906550,IF11,2874668,IF11,181301,U_11,7663,IF11,8752064,IF11,07/2010,R_11,12/2011,R_11,42,2012,02
PR,3891901,R_11,2689976,R_11,3725789,R_11,55,R_11,51,R_11,1,R_11,17,U_11,140,U_11,301,U_11,441,U_11,6203070,U_11,119225,U_11,46000,U_11,494294,U_11,6445062,U_11,5032455,U_11,923071,U_11,5927779,U_11,130548,U_11,39136,U_11,7406,U_11,161767,U_11,1534224,U_11,7391683,U_11,1284166,U_11,68500,U_11,387928,U_11,4607,U_11,1740201,U_11,1332720,U_11,372726,U_11,30056,U_11,65992,U_11,114,U_11,3826,U_11,0,U_11,263,U_11,20,U_11,13,U_11,276,U_11,7288,U_11,155726,U_11,689439,U_11,291870,U_11,93706,U_11,141275,U_11,28729,U_11,92,U_11,137,U_11,1280,U_11,560,U_11,394,U_11,44726,U_11,17642,U_11,12296,U_11,874,U_11,282596,U_11,01/2011,R_11,12/2011,R_11,72,2012,09
RI,1431901,R_11,1052567,R_11,1052567,R_11,47,R_11,25,R_11,2,R_11,202.88,R_11,232.02,R_11,352.28,R_11,584.3,R_11,31728270,R_11,8812850,R_11,331594,R_11,6015918,R_11,46888632,R_11,25225257,R_11,8098434,R_11,33323691,R_11,2823511,R_11,1142456,R_11,737446,R_11,4703413,R_11,7841111,IF11,45868215,IF11,3258531,R_11,879384,R_11,138923,R_11,1526825,R_11,5803663,R_11,8886787,IF11,4585287,R_11,237373,R_11,152454,R_11,285439,IF11,233132,R_11,4196,R_11,578,R_11,1392,R_11,864,R_11,2834,R_11,5760,R_11,156340,R_11,6104226,R_11,773104,IF11,524005,R_11,7913206,R_11,2540810,R_11,1335441,R_11,1125470,R_11,22064,R_11,12813,R_11,2115,R_11,358386,R_11,201203,R_11,23252,R_11,1358,R_11,1523707,R_11,07/2010,R_11,06/2011,R_11,44,2012,01
SC,4652360,R_11,4652360,R_11,4652360,R_11,42,R_11,150,R_11,31,R_11,445.25,R_11,568.1,R_11,1309.34,R_11,1877.44,R_11,108614788,R_11,4734750,R_11,1544224,R_11,5323145,R_11,120216907,R_11,58280997,R_11,20571718,R_11,78852715,R_11,10614309,R_11,1933099,R_11,212616,R_11,12760024,R_11,21740173,R_11,113352912,R_11,16247094,R_11,0,R_11,0,R_11,2901872,R_11,19148966,R_11,18161116,R_11,9479848,R_11,69175,IF11,443468,R_11,21881,R_11,616214,R_11,294,R_11,403,R_11,1512,R_11,13,R_11,1928,R_11,17309,R_11,501669,R_11,18222718,R_11,5002971,R_11,2522413,R_11,26617294,R_11,9839595,R_11,80748,R_11,109036,R_11,38431,R_11,27062,R_11,4047,R_11,1007729,R_11,780369,R_11,71175,R_11,3897,R_11,5083265,R_11,07/2010,R_11,06/2011,R_11,45,2012,05
SD,997024,R_11,767219,R_11,824082,R_11,112,R_11,33,R_11,4,R_11,44.53,R_11,181.94,R_11,196.94,R_11,378.88,R_11,21525823,IF11,0,IF11,626000,R_11,990134,IF11,23141957,IF11,11826830,IF11,3645356,IF11,15472186,IF11,1888245,IF11,363924,IF11,711357,IF11,2963526,IF11,3729223,IF11,22164935,IF11,1194337,IF11,0,IF11,51300,IF11,1180553,IF11,2426190,IF11,1575262,R_11,3045745,IF11,32692,R_11,119742,IF11,6568,R_11,177348,IF11,1707,R_11,73,R_11,4256,R_11,1053,R_11,5382,R_11,4967,IF11,260066,IF11,4038539,IF11,442207,IF11,397653,IF11,6259860,IF11,1838994,IF11,26369,IF11,31689,IF11,9708,IF11,7739,R_11,720,R_11,255328,IF11,229549,R_11,9059,R_11,983,IF11,1164938,IF11,01/2011,R_11,12/2011,R_11,46,2012,04
TN,6314404,R_11,6309404,R_11,6309404,R_11,185,R_11,102,R_11,3,R_11,271.51,R_11,548.78,R_11,1204.98,R_11,1753.76,R_11,98810151,R_11,1352617,R_11,653903,R_11,6905153,R_11,107721824,R_11,53058550,R_11,17211274,R_11,70269824,R_11,9069661,IF11,1703387,R_11,1524627,R_11,12297675,IF11,21164212,R_11,103731711,IF11,4969662,R_11,0,R_11,200000,R_11,240571,R_11,5410233,R_11,4631667,R_11,11444615,R_11,47979,R_11,559686,R_11,14780,R_11,636650,R_11,620,R_11,447,R_11,11470,R_11,51,R_11,11968,R_11,12916,R_11,624963,R_11,21049539,IF11,3603941,IF11,3341737,R_11,26118816,R_11,8436569,R_11,108193,IF11,112933,IF11,36326,R_11,23795,R_11,3380,R_11,1079534,R_11,850225,R_11,58115,R_11,4482,R_11,5928151,R_11,07/2010,R_11,06/2011,R_11,47,2012,05
TX,23241661,R_11,23208245,R_11,25145561,R_11,559,R_11,309,R_11,8,R_11,1652.07,IF11,2276.79,IF11,4570.18,IF11,6846.97,IF11,432158212,IF11,5682087,IF11,2036829,IF11,16171569,IF11,456048697,IF11,228963298,IF11,75897958,IF11,304861256,IF11,38769086,IF11,7897145,IF11,9924340,IF11,56590571,IF11,85105634,IF11,446557461,IF11,62205875,IF11,333037,IF11,2223944,IF11,9685905,IF11,74448761,IF11,94073133,IF11,41366874,IF11,554889,IF11,2049356,IF11,182821,IF11,2404294,IF11,16838,IF11,1456,IF11,26327,IF11,728,IF11,28511,IF11,58879,IF11,1886180,IF11,76537791,IF11,15398025,IF11,12420197,IF11,118694911,IF11,45436509,IF11,373901,IF11,482822,IF11,184767,IF11,103509,IF11,19251,U_11,4961487,IF11,3397562,IF11,346018,U_11,18172,IF11,17507718,IF11,02/2010,R_11,12/2011,R_11,48,2012,06
UT,2790276,R_11,2767505,R_11,2776469,R_11,58,R_11,67,R_11,17,R_11,197.2,IF11,345.46,IF11,873.2,IF11,1218.66,IF11,85354257,IF11,934552,IF11,538189,IF11,4253473,IF11,91080471,IF11,41569870,IF11,16605557,IF11,58175427,IF11,9874535,IF11,1213944,IF11,4384487,IF11,15472966,IF11,15742140,IF11,89390533,IF11,12913736,IF11,52417,IF11,137567,IF11,1709909,IF11,14813629,IF11,14806112,IF11,6800028,IF11,63370,IF11,636002,IF11,-1,IA11,621701,IF11,-1,IA11,546,IF11,3096,R_11,2,IF11,3644,IF11,12794,IF11,311159,IF11,19616525,IF11,3405832,IF11,1727789,IF11,38093372,IF11,15369940,IF11,21775,IF11,25085,IF11,27536,IF11,21148,IF11,2594,U_11,972054,IF11,812687,IF11,42673,U_11,1771,IF11,3485307,IF11,07/2010,R_11,12/2011,R_11,49,2012,07
VA,7786699,R_11,7761699,R_11,8096604,R_11,80,R_11,274,R_11,30,R_11,849.09,R_11,944.31,R_11,2727.28,R_11,3671.59,R_11,231505674,R_11,14359898,R_11,1640818,R_11,13087925,R_11,260594315,R_11,132972165,R_11,42810661,R_11,175782826,R_11,18026647,R_11,4486904,R_11,5270997,R_11,27784548,R_11,51770697,R_11,255338071,R_11,34330741,R_11,0,R_11,0,R_11,23954067,R_11,58284808,R_11,29641484,R_11,18722948,R_11,831508,IF11,1204681,R_11,141383,IF11,1090841,R_11,755,IF11,765,R_11,273,R_11,0,R_11,1038,R_11,26817,R_11,872794,R_11,41393505,R_11,7523858,IF11,4655930,R_11,77100749,R_11,25952562,IF11,188253,IF11,177542,IF11,82440,IF11,51015,IF11,5720,U_11,1990917,IF11,1407688,IF11,95477,U_11,6302,R_11,8490533,IF11,07/2010,R_11,06/2011,R_11,51,2012,05
VI,106405,R_11,106405,R_11,106405,R_11,0,R_11,5,R_11,1,R_11,-1,U_11,-1,U_11,-1,U_11,-1,U_11,-1,U_11,-1,U_11,-1,U_11,-1,U_11,-1,U_11,-1,U_11,-1,U_11,-1,U_11,-1,U_11,-1,U_11,-1,U_11,-1,U_11,-1,U_11,-1,U_11,-1,U_11,-1,U_11,-1,U_11,-1,U_11,-1,U_11,-1,U_11,-1,U_11,-1,U_11,-1,U_11,-1,U_11,-1,U_11,-1,U_11,-1,U_11,-1,U_11,-1,U_11,-1,U_11,-1,U_11,-1,U_11,-1,U_11,-1,U_11,-1,U_11,-1,U_11,-1,U_11,-1,U_11,-1,U_11,-1,U_11,-1,U_11,-1,U_11,-1,U_11,-1,U_11,-1,U_11,-1,U_11,-1,U_11,10/2010,R_11,09/2011,R_11,78,2012,09
VT,729948,R_11,611040,R_11,621270,R_11,182,R_11,3,R_11,5,R_11,56.39,IF11,205.89,IF11,132.01,IF11,337.9,IF11,16624058,IF11,0,IF11,36957,IF11,3672903,IF11,20333918,IF11,11604930,IF11,2979904,IF11,14584834,IF11,1765111,IF11,193985,IF11,379566,IF11,2338662,IF11,4722552,IF11,21646048,IF11,1802762,IF11,0,IF11,22742,IF11,746947,IF11,2572451,IF11,3485026,IF11,3070730,IF11,9835,IF11,134124,IF11,20361,IF11,178268,IF11,0,IF11,129,IF11,2759,IF11,266,IF11,3154,IF11,6348,IF11,260769,IF11,3880208,IF11,519433,IF11,347050,IF11,4964715,IF11,1754434,IF11,32730,IF11,44446,IF11,22444,IF11,14546,IF11,2064,U_11,377984,IF11,255382,IF11,23274,U_11,1029,IF11,887877,IF11,01/2010,R_11,12/2011,R_11,50,2012,01
WA,6647030,R_11,6647030,R_11,6767900,R_11,53,R_11,282,R_11,26,R_11,781.56,IF11,811.37,IF11,2797.65,IF11,3609.02,IF11,367407285,IF11,370424,IF11,1088886,IF11,11799557,IF11,380666152,IF11,172847926,IF11,56424093,IF11,229272019,IF11,25791917,IF11,11967210,IF11,7707396,IF11,45466523,IF11,67352248,IF11,342090790,IF11,1202725,IF11,0,IF11,3000,IF11,2135658,IF11,3341383,IF11,28497431,IF11,13983111,IF11,379757,IF11,1248717,IF11,200451,IF11,1421783,IF11,8674,IF11,802,IF11,682,R_11,76,IF11,1560,IF11,46147,IF11,747045,IF11,44773438,IF11,5608561,IF11,3803009,IF11,85798822,IF11,29413425,IF11,120745,IF11,158884,IF11,68657,IF11,47261,IF11,6749,U_11,1979109,IF11,1543786,IF11,141859,U_11,5764,IF11,9094437,IF11,01/2011,R_11,12/2011,R_11,53,2012,08
WI,5694236,R_11,5694236,R_11,5694236,R_11,379,R_11,81,R_11,6,R_11,640.29,R_11,1100.93,R_11,1908.72,R_11,3009.65,R_11,208896214,R_11,5086282,R_11,841435,R_11,11042998,IF11,225866929,IF11,110194550,R_11,43074002,IF11,153268552,IF11,17344728,IF11,1384412,IF11,6026772,IF11,24755912,R_11,43235851,R_11,221260315,IF11,17887939,R_11,447655,R_11,392730,R_11,6706490,R_11,25434814,R_11,33883958,R_11,19648257,R_11,6808622,R_11,1383758,R_11,3354685,R_11,1772403,R_11,111616,R_11,1237,R_11,15662,R_11,1983,R_11,18882,R_11,45390,IF11,1057440,R_11,35907727,IF11,4841259,IF11,3550155,IF11,64266723,R_11,23088046,R_11,9116959,R_11,9140290,R_11,82027,IF11,56501,IF11,5722,U_11,2040254,IF11,1612439,IF11,92571,U_11,5947,R_11,7208766,IF11,01/2011,R_11,12/2011,R_11,55,2012,03
WV,1808350,R_11,1808350,R_11,1808350,R_11,97,R_11,78,R_11,6,R_11,99.43,R_11,357.46,R_11,285.82,R_11,643.28,R_11,24245539,R_11,8654468,R_11,528938,R_11,2768127,R_11,36197072,R_11,16682481,R_11,5287742,R_11,21970223,R_11,3335343,R_11,602130,R_11,696452,R_11,4633925,R_11,6173643,R_11,32777791,R_11,770946,R_11,1049536,R_11,500983,R_11,637763,R_11,2959228,R_11,3333782,R_11,5355772,R_11,66662,R_11,209828,R_11,57607,R_11,268974,R_11,3539,R_11,59,R_11,1455,R_11,175,R_11,1689,R_11,6884,R_11,382508,R_11,5808957,R_11,763636,R_11,857444,R_11,7217286,R_11,2221981,IF11,110561,IF11,114665,IF11,19683,R_11,13606,R_11,1070,U_11,391872,R_11,299981,R_11,11775,U_11,1344,R_11,1406182,R_11,07/2010,R_11,06/2011,R_11,54,2012,05
WY,563626,R_11,563626,R_11,563626,R_11,23,R_11,53,R_11,2,R_11,49.83,R_11,181.27,R_11,267.12,R_11,448.39,R_11,27960519,R_11,30095,R_11,14470,R_11,1474569,R_11,29479653,R_11,16222300,R_11,5883521,R_11,22105821,R_11,1852286,R_11,108701,R_11,655024,R_11,2616011,R_11,4637936,R_11,29359768,R_11,905552,R_11,0,R_11,0,R_11,99638,R_11,1005190,R_11,752279,R_11,2449702,R_11,558,R_11,156127,R_11,136735,R_11,156260,R_11,0,R_11,55,R_11,1725,R_11,58,R_11,1838,R_11,5040,R_11,138784,R_11,3832722,R_11,520846,R_11,389233,R_11,5181007,R_11,1802136,R_11,40098,R_11,36131,R_11,14404,R_11,10551,R_11,1553,R_11,356823,R_11,280872,R_11,29247,R_11,805,R_11,932835,R_11,07/2010,R_11,06/2011,R_11,56,2012,07
